TXN_4433211,NULL,3.00,3,9.00,UNKNOWN,TAKEAWAY,2023-10-06,ITEM UNKNOWN
TXN_4717867,NULL,3.00,5,15.00,UNKNOWN,TAKEAWAY,2023-07-28,ITEM UNKNOWN
TXN_6855453,NULL,3.00,4,12.00,UNKNOWN,IN-STORE,2023-07-17,ITEM UNKNOWN
TXN_8051289,NULL,3.00,1,3.00,UNKNOWN,IN-STORE,2023-10-09,ITEM UNKNOWN
TXN_8471743,NULL,3.00,5,15.00,DIGITAL WALLET,IN-STORE,2023-04-06,ITEM UNKNOWN
TXN_5455936,NULL,3.00,5,15.00,UNKNOWN,IN-STORE,2023-10-28,ITEM UNKNOWN
TXN_4633784,NULL,3.00,5,15.00,UNKNOWN,IN-STORE,2023-02-06,ITEM UNKNOWN
TXN_4031509,NULL,4.00,4,16.00,CREDIT CARD,TAKEAWAY,2023-01-04,ITEM UNKNOWN
TXN_6541415,NULL,3.00,4,12.00,CASH,IN-STORE,2023-11-25,ITEM UNKNOWN
TXN_3226832,NULL,4.00,5,20.00,CASH,UNKNOWN,2023-09-04,ITEM UNKNOWN
TXN_3494565,NULL,4.00,2,8.00,UNKNOWN,UNKNOWN,2023-07-10,ITEM UNKNOWN
TXN_3831848,NULL,4.00,1,4.00,DIGITAL WALLET,TAKEAWAY,2023-11-03,ITEM UNKNOWN
TXN_5115080,NULL,3.00,5,15.00,CREDIT CARD,UNKNOWN,2023-02-18,ITEM UNKNOWN
TXN_8964522,NULL,3.00,3,9.00,CREDIT CARD,TAKEAWAY,2023-10-28,ITEM UNKNOWN
TXN_3499124,NULL,4.00,4,16.00,CREDIT CARD,UNKNOWN,2023-08-25,ITEM UNKNOWN
TXN_2651216,NULL,4.00,3,12.00,UNKNOWN,UNKNOWN,2023-04-04,ITEM UNKNOWN
TXN_7077119,NULL,4.00,1,4.00,DIGITAL WALLET,IN-STORE,2023-12-30,ITEM UNKNOWN
TXN_8562645,SALAD,5.00,NULL,NULL,UNKNOWN,IN-STORE,2023-05-18,MISSING Q
TXN_6714420,NULL,3.00,2,6.00,CREDIT CARD,TAKEAWAY,2023-03-30,ITEM UNKNOWN
TXN_8929774,NULL,3.00,3,9.00,CASH,UNKNOWN,2023-10-02,ITEM UNKNOWN
TXN_8669422,NULL,3.00,4,12.00,CASH,TAKEAWAY,2023-10-15,ITEM UNKNOWN
TXN_3229409,JUICE,3.00,NULL,NULL,CASH,TAKEAWAY,2023-04-15,MISSING Q
TXN_6953697,NULL,4.00,3,12.00,UNKNOWN,TAKEAWAY,2023-05-27,ITEM UNKNOWN
TXN_3495950,NULL,1.50,4,6.00,CREDIT CARD,IN-STORE,2023-02-19,ITEM UNKNOWN
TXN_8955259,NULL,4.00,2,8.00,CREDIT CARD,UNKNOWN,2023-11-18,ITEM UNKNOWN
TXN_2523298,NULL,1.50,4,6.00,UNKNOWN,IN-STORE,2023-03-25,ITEM UNKNOWN
TXN_8365478,NULL,4.00,3,12.00,CASH,TAKEAWAY,2023-02-06,ITEM UNKNOWN
TXN_8276635,NULL,4.00,4,16.00,DIGITAL WALLET,TAKEAWAY,2023-12-16,ITEM UNKNOWN
TXN_7569615,NULL,3.00,2,6.00,CASH,TAKEAWAY,2023-06-07,ITEM UNKNOWN
TXN_9421441,NULL,4.00,2,8.00,CASH,UNKNOWN,2023-06-20,ITEM UNKNOWN
TXN_2635532,NULL,4.00,4,16.00,CASH,TAKEAWAY,2023-01-14,ITEM UNKNOWN
TXN_2633602,NULL,3.00,2,6.00,DIGITAL WALLET,IN-STORE,2023-02-02,ITEM UNKNOWN
TXN_7050740,NULL,3.00,1,3.00,CASH,TAKEAWAY,2023-07-12,ITEM UNKNOWN
TXN_4796350,NULL,4.00,3,12.00,UNKNOWN,TAKEAWAY,NULL,ITEM UNKNOWN
TXN_4355728,NULL,3.00,4,12.00,CREDIT CARD,UNKNOWN,2023-03-06,ITEM UNKNOWN
TXN_7661609,NULL,3.00,1,3.00,UNKNOWN,IN-STORE,2023-11-29,ITEM UNKNOWN
TXN_1664665,NULL,3.00,3,9.00,CREDIT CARD,IN-STORE,2023-05-21,ITEM UNKNOWN
TXN_4573576,NULL,3.00,2,6.00,CASH,IN-STORE,2023-07-05,ITEM UNKNOWN
TXN_7752124,NULL,4.00,3,12.00,CREDIT CARD,UNKNOWN,2023-12-09,ITEM UNKNOWN
TXN_3791639,NULL,3.00,4,12.00,DIGITAL WALLET,UNKNOWN,NULL,ITEM UNKNOWN
TXN_4186681,NULL,1.50,4,6.00,DIGITAL WALLET,UNKNOWN,2023-05-24,ITEM UNKNOWN
TXN_4152036,NULL,3.00,2,6.00,CASH,UNKNOWN,NULL,ITEM UNKNOWN
TXN_4059912,NULL,4.00,3,12.00,UNKNOWN,UNKNOWN,2023-04-21,ITEM UNKNOWN
TXN_7353972,NULL,3.00,4,12.00,CASH,IN-STORE,2023-02-02,ITEM UNKNOWN
TXN_9349962,NULL,4.00,4,16.00,UNKNOWN,IN-STORE,NULL,ITEM UNKNOWN
TXN_2962976,JUICE,3.00,NULL,NULL,UNKNOWN,UNKNOWN,2023-03-17,MISSING Q
TXN_9203920,NULL,3.00,4,12.00,UNKNOWN,TAKEAWAY,2023-11-01,ITEM UNKNOWN
TXN_4663299,NULL,4.00,4,16.00,DIGITAL WALLET,IN-STORE,2023-12-26,ITEM UNKNOWN
TXN_5637677,NULL,3.00,2,6.00,DIGITAL WALLET,TAKEAWAY,2023-08-24,ITEM UNKNOWN
TXN_8297135,NULL,4.00,2,8.00,UNKNOWN,UNKNOWN,2023-09-16,ITEM UNKNOWN
TXN_8696094,SANDWICH,4.00,NULL,NULL,UNKNOWN,TAKEAWAY,2023-05-14,MISSING Q
TXN_8296518,NULL,4.00,2,8.00,CREDIT CARD,IN-STORE,2023-02-08,ITEM UNKNOWN
TXN_5787508,NULL,3.00,3,9.00,CREDIT CARD,TAKEAWAY,2023-07-23,ITEM UNKNOWN
TXN_7399897,NULL,3.00,4,12.00,UNKNOWN,TAKEAWAY,2023-11-14,ITEM UNKNOWN
TXN_7608816,NULL,3.00,3,9.00,DIGITAL WALLET,IN-STORE,2023-11-07,ITEM UNKNOWN
TXN_5931292,NULL,4.00,2,8.00,CREDIT CARD,IN-STORE,2023-12-18,ITEM UNKNOWN
TXN_6609947,NULL,3.00,3,9.00,DIGITAL WALLET,IN-STORE,2023-05-29,ITEM UNKNOWN
TXN_9036453,NULL,4.00,1,4.00,DIGITAL WALLET,TAKEAWAY,2023-02-08,ITEM UNKNOWN
TXN_3502743,NULL,4.00,5,20.00,UNKNOWN,UNKNOWN,2023-02-28,ITEM UNKNOWN
TXN_7940202,NULL,4.00,1,4.00,DIGITAL WALLET,UNKNOWN,2023-07-23,ITEM UNKNOWN
TXN_2179458,NULL,3.00,1,3.00,CASH,IN-STORE,2023-10-23,ITEM UNKNOWN
TXN_5648512,NULL,3.00,4,12.00,UNKNOWN,TAKEAWAY,2023-01-30,ITEM UNKNOWN
TXN_9561832,NULL,4.00,3,12.00,DIGITAL WALLET,UNKNOWN,2023-10-29,ITEM UNKNOWN
TXN_3790025,NULL,4.00,1,4.00,CASH,UNKNOWN,2023-10-07,ITEM UNKNOWN
TXN_2526667,NULL,3.00,3,9.00,DIGITAL WALLET,IN-STORE,2023-06-10,ITEM UNKNOWN
TXN_7078232,NULL,3.00,5,15.00,DIGITAL WALLET,TAKEAWAY,2023-11-21,ITEM UNKNOWN
TXN_6269119,NULL,3.00,2,6.00,DIGITAL WALLET,TAKEAWAY,2023-07-19,ITEM UNKNOWN
TXN_1104849,NULL,4.00,4,16.00,DIGITAL WALLET,TAKEAWAY,2023-07-05,ITEM UNKNOWN
TXN_5410185,NULL,3.00,3,9.00,UNKNOWN,IN-STORE,2023-02-22,ITEM UNKNOWN
TXN_9084554,NULL,4.00,4,16.00,CREDIT CARD,IN-STORE,2023-06-08,ITEM UNKNOWN
TXN_2336708,NULL,3.00,2,6.00,CASH,IN-STORE,2023-06-16,ITEM UNKNOWN
TXN_6868182,NULL,4.00,5,20.00,CREDIT CARD,UNKNOWN,2023-01-02,ITEM UNKNOWN
TXN_5236892,NULL,3.00,1,3.00,DIGITAL WALLET,TAKEAWAY,2023-03-09,ITEM UNKNOWN
TXN_7026504,NULL,4.00,5,20.00,UNKNOWN,UNKNOWN,2023-03-29,ITEM UNKNOWN
TXN_3008336,NULL,4.00,5,20.00,CREDIT CARD,UNKNOWN,2023-07-27,ITEM UNKNOWN
TXN_2955040,NULL,3.00,5,15.00,UNKNOWN,UNKNOWN,2023-03-21,ITEM UNKNOWN
TXN_2473090,NULL,1.50,2,3.00,CREDIT CARD,IN-STORE,2023-03-03,ITEM UNKNOWN
TXN_9596100,NULL,3.00,4,12.00,CASH,TAKEAWAY,2023-05-04,ITEM UNKNOWN
TXN_6359777,NULL,4.00,5,20.00,UNKNOWN,UNKNOWN,2023-01-13,ITEM UNKNOWN
TXN_1987977,NULL,4.00,2,8.00,UNKNOWN,UNKNOWN,2023-11-16,ITEM UNKNOWN
TXN_5031214,NULL,1.00,5,5.00,UNKNOWN,TAKEAWAY,2023-07-29,ITEM UNKNOWN
TXN_8817239,NULL,4.00,5,20.00,CASH,IN-STORE,2023-01-29,ITEM UNKNOWN
TXN_6086709,NULL,3.00,5,15.00,UNKNOWN,UNKNOWN,2023-07-07,ITEM UNKNOWN
TXN_4932018,NULL,4.00,4,16.00,DIGITAL WALLET,TAKEAWAY,2023-08-23,ITEM UNKNOWN
TXN_8205107,NULL,4.00,4,16.00,UNKNOWN,TAKEAWAY,2023-04-19,ITEM UNKNOWN
TXN_8396271,NULL,1.00,2,2.00,UNKNOWN,UNKNOWN,2023-09-12,ITEM UNKNOWN
TXN_4147073,NULL,3.00,4,12.00,CASH,TAKEAWAY,2023-06-16,ITEM UNKNOWN
TXN_8517379,NULL,3.00,4,12.00,DIGITAL WALLET,TAKEAWAY,2023-09-23,ITEM UNKNOWN
TXN_6899248,NULL,3.00,5,15.00,UNKNOWN,UNKNOWN,2023-12-13,ITEM UNKNOWN
TXN_5402385,NULL,3.00,2,6.00,CASH,IN-STORE,2023-06-18,ITEM UNKNOWN
TXN_4643515,NULL,4.00,1,4.00,DIGITAL WALLET,IN-STORE,2023-10-03,ITEM UNKNOWN
TXN_5245399,NULL,2.00,5,10.00,UNKNOWN,UNKNOWN,2023-12-25,ITEM UNKNOWN
TXN_4432823,NULL,4.00,5,20.00,UNKNOWN,IN-STORE,2023-02-10,ITEM UNKNOWN
TXN_8138157,NULL,4.00,2,8.00,CASH,TAKEAWAY,2023-05-07,ITEM UNKNOWN
TXN_3404479,NULL,4.00,4,16.00,CREDIT CARD,UNKNOWN,2023-08-23,ITEM UNKNOWN
TXN_8321092,NULL,3.00,2,6.00,CREDIT CARD,UNKNOWN,2023-09-28,ITEM UNKNOWN
TXN_6376630,NULL,3.00,2,6.00,CASH,IN-STORE,2023-01-24,ITEM UNKNOWN
TXN_8512466,NULL,3.00,5,15.00,UNKNOWN,UNKNOWN,2023-02-10,ITEM UNKNOWN
TXN_2944518,NULL,3.00,3,9.00,UNKNOWN,TAKEAWAY,2023-09-14,ITEM UNKNOWN
TXN_2406254,NULL,3.00,5,15.00,UNKNOWN,TAKEAWAY,2023-11-12,ITEM UNKNOWN
TXN_3611851,NULL,NULL,4,NULL,CREDIT CARD,UNKNOWN,2023-02-09,ITEM UNKNOWN
TXN_1923349,NULL,1.50,4,6.00,UNKNOWN,UNKNOWN,2023-07-06,ITEM UNKNOWN
TXN_2101437,NULL,4.00,2,8.00,CASH,IN-STORE,2023-08-27,ITEM UNKNOWN
TXN_8504764,NULL,4.00,2,8.00,DIGITAL WALLET,TAKEAWAY,2023-02-19,ITEM UNKNOWN
TXN_2640727,NULL,3.00,3,9.00,DIGITAL WALLET,TAKEAWAY,2023-03-05,ITEM UNKNOWN
TXN_1185118,NULL,3.00,5,15.00,UNKNOWN,UNKNOWN,NULL,ITEM UNKNOWN
TXN_7416770,NULL,3.00,3,9.00,UNKNOWN,TAKEAWAY,2023-04-08,ITEM UNKNOWN
TXN_4840295,NULL,4.00,4,16.00,DIGITAL WALLET,TAKEAWAY,2023-02-02,ITEM UNKNOWN
TXN_3328393,NULL,3.00,3,9.00,UNKNOWN,UNKNOWN,2023-04-16,ITEM UNKNOWN
TXN_2810554,NULL,3.00,1,3.00,CREDIT CARD,TAKEAWAY,2023-02-18,ITEM UNKNOWN
TXN_1339457,NULL,4.00,3,12.00,DIGITAL WALLET,IN-STORE,2023-05-23,ITEM UNKNOWN
TXN_5206049,NULL,1.00,3,3.00,DIGITAL WALLET,UNKNOWN,2023-06-24,ITEM UNKNOWN
TXN_6641409,NULL,4.00,5,20.00,DIGITAL WALLET,UNKNOWN,2023-11-21,ITEM UNKNOWN
TXN_7741256,NULL,3.00,5,15.00,DIGITAL WALLET,TAKEAWAY,2023-04-24,ITEM UNKNOWN
TXN_6365371,NULL,4.00,2,8.00,CREDIT CARD,UNKNOWN,2023-06-16,ITEM UNKNOWN
TXN_9981953,NULL,4.00,3,12.00,UNKNOWN,UNKNOWN,2023-02-03,ITEM UNKNOWN
TXN_6755757,NULL,4.00,4,16.00,CREDIT CARD,IN-STORE,2023-04-05,ITEM UNKNOWN
TXN_9491244,NULL,3.00,5,15.00,UNKNOWN,UNKNOWN,2023-04-19,ITEM UNKNOWN
TXN_4959129,NULL,3.00,2,6.00,CREDIT CARD,IN-STORE,2023-06-24,ITEM UNKNOWN
TXN_7943598,NULL,4.00,4,16.00,CREDIT CARD,UNKNOWN,NULL,ITEM UNKNOWN
TXN_3200203,NULL,4.00,2,8.00,UNKNOWN,UNKNOWN,2023-12-04,ITEM UNKNOWN
TXN_7903841,NULL,3.00,2,6.00,DIGITAL WALLET,UNKNOWN,2023-06-24,ITEM UNKNOWN
TXN_1515059,NULL,3.00,4,12.00,UNKNOWN,IN-STORE,2023-10-25,ITEM UNKNOWN
TXN_5255023,NULL,4.00,2,8.00,CREDIT CARD,IN-STORE,2023-11-15,ITEM UNKNOWN
TXN_4099487,NULL,4.00,5,20.00,DIGITAL WALLET,UNKNOWN,2023-01-25,ITEM UNKNOWN
TXN_7524977,NULL,NULL,4,NULL,UNKNOWN,UNKNOWN,2023-12-09,ITEM UNKNOWN
TXN_6643951,NULL,4.00,1,4.00,CREDIT CARD,IN-STORE,2023-01-07,ITEM UNKNOWN
TXN_5404249,NULL,4.00,1,4.00,UNKNOWN,UNKNOWN,2023-10-04,ITEM UNKNOWN
TXN_9181144,NULL,3.00,3,9.00,UNKNOWN,TAKEAWAY,2023-10-25,ITEM UNKNOWN
TXN_1248167,NULL,4.00,1,4.00,CASH,UNKNOWN,2023-03-05,ITEM UNKNOWN
TXN_9137801,NULL,4.00,5,20.00,CREDIT CARD,IN-STORE,2023-06-10,ITEM UNKNOWN
TXN_8110646,NULL,3.00,2,6.00,CREDIT CARD,TAKEAWAY,2023-06-07,ITEM UNKNOWN
TXN_4983903,NULL,4.00,5,20.00,UNKNOWN,UNKNOWN,2023-09-18,ITEM UNKNOWN
TXN_2690222,NULL,3.00,4,12.00,UNKNOWN,UNKNOWN,2023-01-01,ITEM UNKNOWN
TXN_2939667,NULL,3.00,1,3.00,UNKNOWN,IN-STORE,2023-12-21,ITEM UNKNOWN
TXN_4328090,NULL,4.00,1,4.00,DIGITAL WALLET,IN-STORE,2023-04-18,ITEM UNKNOWN
TXN_2614271,NULL,4.00,2,8.00,DIGITAL WALLET,UNKNOWN,2023-08-03,ITEM UNKNOWN
TXN_4844386,NULL,3.00,5,15.00,CREDIT CARD,IN-STORE,2023-10-28,ITEM UNKNOWN
TXN_8266689,NULL,3.00,5,15.00,CASH,IN-STORE,2023-12-03,ITEM UNKNOWN
TXN_6228313,NULL,3.00,4,12.00,UNKNOWN,UNKNOWN,2023-01-24,ITEM UNKNOWN
TXN_2134660,NULL,3.00,5,15.00,CREDIT CARD,IN-STORE,2023-11-08,ITEM UNKNOWN
TXN_5353855,NULL,4.00,3,12.00,CREDIT CARD,TAKEAWAY,2023-12-24,ITEM UNKNOWN
TXN_7899686,NULL,4.00,1,4.00,DIGITAL WALLET,TAKEAWAY,2023-09-09,ITEM UNKNOWN
TXN_3995843,NULL,4.00,3,12.00,UNKNOWN,IN-STORE,2023-12-31,ITEM UNKNOWN
TXN_9188692,CAKE,3.00,NULL,NULL,CREDIT CARD,UNKNOWN,2023-12-01,MISSING Q
TXN_7323833,NULL,4.00,3,12.00,CREDIT CARD,UNKNOWN,2023-04-09,ITEM UNKNOWN
TXN_2402637,NULL,4.00,2,8.00,UNKNOWN,TAKEAWAY,2023-06-18,ITEM UNKNOWN
TXN_7230977,NULL,3.00,5,15.00,UNKNOWN,TAKEAWAY,2023-08-24,ITEM UNKNOWN
TXN_8715515,NULL,3.00,5,15.00,CREDIT CARD,TAKEAWAY,2023-07-23,ITEM UNKNOWN
TXN_1135761,NULL,3.00,3,9.00,DIGITAL WALLET,UNKNOWN,2023-01-30,ITEM UNKNOWN
TXN_6212975,NULL,4.00,1,4.00,CREDIT CARD,TAKEAWAY,2023-06-08,ITEM UNKNOWN
TXN_7279066,NULL,3.00,5,15.00,DIGITAL WALLET,TAKEAWAY,2023-09-09,ITEM UNKNOWN
TXN_9349052,NULL,3.00,4,12.00,CASH,UNKNOWN,2023-10-31,ITEM UNKNOWN
TXN_5410349,NULL,3.00,5,15.00,CREDIT CARD,TAKEAWAY,2023-03-05,ITEM UNKNOWN
TXN_9702662,NULL,4.00,4,16.00,UNKNOWN,TAKEAWAY,2023-07-10,ITEM UNKNOWN
TXN_4791105,NULL,4.00,3,12.00,UNKNOWN,TAKEAWAY,2023-05-18,ITEM UNKNOWN
TXN_6882819,NULL,3.00,1,3.00,CASH,UNKNOWN,2023-08-21,ITEM UNKNOWN
TXN_2515920,NULL,3.00,3,9.00,CASH,IN-STORE,2023-10-02,ITEM UNKNOWN
TXN_1349215,NULL,4.00,1,4.00,DIGITAL WALLET,UNKNOWN,2023-02-06,ITEM UNKNOWN
TXN_1842697,NULL,3.00,5,15.00,UNKNOWN,UNKNOWN,2023-10-25,ITEM UNKNOWN
TXN_7119228,NULL,3.00,4,12.00,DIGITAL WALLET,UNKNOWN,2023-10-09,ITEM UNKNOWN
TXN_3509437,NULL,4.00,4,16.00,UNKNOWN,IN-STORE,2023-12-06,ITEM UNKNOWN
TXN_9546556,NULL,3.00,5,15.00,CASH,IN-STORE,2023-08-18,ITEM UNKNOWN
TXN_8444245,NULL,3.00,1,3.00,CASH,UNKNOWN,2023-01-30,ITEM UNKNOWN
TXN_7031347,NULL,3.00,4,12.00,CREDIT CARD,TAKEAWAY,2023-06-09,ITEM UNKNOWN
TXN_1993002,NULL,3.00,4,12.00,UNKNOWN,TAKEAWAY,2023-03-30,ITEM UNKNOWN
TXN_7675213,NULL,4.00,2,8.00,DIGITAL WALLET,IN-STORE,2023-03-08,ITEM UNKNOWN
TXN_1442771,NULL,3.00,1,3.00,UNKNOWN,UNKNOWN,2023-04-25,ITEM UNKNOWN
TXN_4076631,NULL,3.00,4,12.00,CASH,IN-STORE,2023-07-21,ITEM UNKNOWN
TXN_1633563,NULL,4.00,4,16.00,DIGITAL WALLET,IN-STORE,2023-02-05,ITEM UNKNOWN
TXN_2160119,NULL,4.00,5,20.00,CASH,UNKNOWN,2023-12-27,ITEM UNKNOWN
TXN_4565754,SMOOTHIE,4.00,NULL,NULL,DIGITAL WALLET,TAKEAWAY,2023-10-06,MISSING Q
TXN_3321611,NULL,4.00,3,12.00,UNKNOWN,TAKEAWAY,2023-09-09,ITEM UNKNOWN
TXN_6297232,COFFEE,2.00,NULL,NULL,UNKNOWN,UNKNOWN,2023-04-07,MISSING Q
TXN_1931832,NULL,4.00,4,16.00,CREDIT CARD,UNKNOWN,2023-05-07,ITEM UNKNOWN
TXN_6345691,NULL,4.00,5,20.00,CREDIT CARD,UNKNOWN,2023-09-03,ITEM UNKNOWN
TXN_6862075,NULL,3.00,3,9.00,CREDIT CARD,IN-STORE,2023-08-13,ITEM UNKNOWN
TXN_2477550,NULL,4.00,2,8.00,CASH,TAKEAWAY,2023-02-02,ITEM UNKNOWN
TXN_1715317,NULL,3.00,5,15.00,DIGITAL WALLET,IN-STORE,2023-02-10,ITEM UNKNOWN
TXN_7440879,NULL,3.00,1,3.00,UNKNOWN,IN-STORE,2023-12-30,ITEM UNKNOWN
TXN_2035838,NULL,3.00,5,15.00,DIGITAL WALLET,TAKEAWAY,2023-02-01,ITEM UNKNOWN
TXN_9817602,NULL,4.00,2,8.00,CREDIT CARD,TAKEAWAY,2023-12-26,ITEM UNKNOWN
TXN_5274961,NULL,3.00,1,3.00,CREDIT CARD,IN-STORE,2023-11-04,ITEM UNKNOWN
TXN_1239876,NULL,4.00,2,8.00,DIGITAL WALLET,IN-STORE,2023-04-04,ITEM UNKNOWN
TXN_3251829,TEA,1.50,NULL,NULL,DIGITAL WALLET,IN-STORE,2023-07-25,MISSING Q
TXN_7797231,NULL,2.00,5,10.00,DIGITAL WALLET,UNKNOWN,2023-05-05,ITEM UNKNOWN
TXN_3951460,NULL,4.00,4,16.00,UNKNOWN,TAKEAWAY,2023-04-21,ITEM UNKNOWN
TXN_6457997,NULL,4.00,1,4.00,CREDIT CARD,UNKNOWN,2023-12-12,ITEM UNKNOWN
TXN_4786680,NULL,4.00,3,12.00,UNKNOWN,IN-STORE,2023-02-05,ITEM UNKNOWN
TXN_6437181,NULL,3.00,4,12.00,CREDIT CARD,UNKNOWN,2023-04-10,ITEM UNKNOWN
TXN_2335312,NULL,3.00,2,6.00,DIGITAL WALLET,UNKNOWN,2023-06-23,ITEM UNKNOWN
TXN_9257475,NULL,3.00,4,12.00,DIGITAL WALLET,UNKNOWN,2023-07-06,ITEM UNKNOWN
TXN_6388107,NULL,3.00,3,9.00,DIGITAL WALLET,IN-STORE,2023-12-04,ITEM UNKNOWN
TXN_6552269,NULL,3.00,4,12.00,CASH,TAKEAWAY,2023-04-29,ITEM UNKNOWN
TXN_1998401,NULL,4.00,1,4.00,CASH,UNKNOWN,2023-09-17,ITEM UNKNOWN
TXN_6130281,NULL,4.00,2,8.00,CASH,UNKNOWN,2023-01-18,ITEM UNKNOWN
TXN_9774251,NULL,3.00,2,6.00,DIGITAL WALLET,TAKEAWAY,2023-06-16,ITEM UNKNOWN
TXN_8325464,NULL,4.00,5,20.00,CREDIT CARD,TAKEAWAY,2023-08-02,ITEM UNKNOWN
TXN_4577234,NULL,3.00,4,12.00,UNKNOWN,IN-STORE,2023-06-09,ITEM UNKNOWN
TXN_7587652,NULL,3.00,1,3.00,CASH,UNKNOWN,2023-08-23,ITEM UNKNOWN
TXN_1118799,NULL,4.00,4,16.00,CREDIT CARD,TAKEAWAY,2023-09-19,ITEM UNKNOWN
TXN_2687593,NULL,3.00,5,15.00,UNKNOWN,TAKEAWAY,2023-06-27,ITEM UNKNOWN
TXN_8616276,NULL,1.50,2,3.00,DIGITAL WALLET,TAKEAWAY,2023-07-22,ITEM UNKNOWN
TXN_1912525,NULL,4.00,4,16.00,CASH,TAKEAWAY,2023-11-25,ITEM UNKNOWN
TXN_7249235,NULL,4.00,3,12.00,CASH,UNKNOWN,2023-05-27,ITEM UNKNOWN
TXN_3744974,NULL,3.00,1,3.00,UNKNOWN,IN-STORE,2023-01-09,ITEM UNKNOWN
TXN_4849180,NULL,3.00,5,15.00,CREDIT CARD,IN-STORE,2023-10-14,ITEM UNKNOWN
TXN_7376255,NULL,NULL,NULL,25.00,UNKNOWN,IN-STORE,2023-05-27,ITEM UNKNOWN
TXN_6269540,NULL,4.00,3,12.00,UNKNOWN,UNKNOWN,2023-12-06,ITEM UNKNOWN
TXN_6999471,NULL,3.00,1,3.00,UNKNOWN,UNKNOWN,2023-08-07,ITEM UNKNOWN
TXN_9673343,NULL,4.00,2,8.00,CASH,IN-STORE,2023-06-22,ITEM UNKNOWN
TXN_5093855,NULL,1.50,4,6.00,CASH,TAKEAWAY,2023-11-23,ITEM UNKNOWN
TXN_8557847,NULL,4.00,4,16.00,UNKNOWN,TAKEAWAY,2023-09-02,ITEM UNKNOWN
TXN_6633385,NULL,3.00,2,6.00,CREDIT CARD,TAKEAWAY,2023-02-12,ITEM UNKNOWN
TXN_7809825,NULL,4.00,2,8.00,CREDIT CARD,UNKNOWN,2023-08-26,ITEM UNKNOWN
TXN_1724815,NULL,4.00,3,12.00,UNKNOWN,IN-STORE,2023-08-16,ITEM UNKNOWN
TXN_8744240,NULL,4.00,4,16.00,CASH,UNKNOWN,2023-06-19,ITEM UNKNOWN
TXN_6119612,NULL,3.00,3,9.00,CASH,UNKNOWN,2023-12-25,ITEM UNKNOWN
TXN_6264390,NULL,4.00,2,8.00,CASH,UNKNOWN,2023-06-29,ITEM UNKNOWN
TXN_5942938,NULL,3.00,3,9.00,CREDIT CARD,UNKNOWN,2023-05-24,ITEM UNKNOWN
TXN_1840897,NULL,5.00,1,5.00,UNKNOWN,UNKNOWN,2023-06-03,ITEM UNKNOWN
TXN_7689696,NULL,4.00,5,20.00,DIGITAL WALLET,TAKEAWAY,2023-07-03,ITEM UNKNOWN
TXN_5037517,NULL,4.00,5,20.00,UNKNOWN,IN-STORE,2023-06-01,ITEM UNKNOWN
TXN_6805091,NULL,4.00,2,8.00,CASH,UNKNOWN,2023-12-28,ITEM UNKNOWN
TXN_4753853,NULL,3.00,5,15.00,CREDIT CARD,TAKEAWAY,2023-05-07,ITEM UNKNOWN
TXN_9646000,NULL,NULL,2,NULL,UNKNOWN,IN-STORE,2023-12-14,ITEM UNKNOWN
TXN_2980279,NULL,3.00,1,3.00,DIGITAL WALLET,TAKEAWAY,2023-04-23,ITEM UNKNOWN
TXN_8549381,NULL,4.00,5,20.00,DIGITAL WALLET,UNKNOWN,2023-02-06,ITEM UNKNOWN
TXN_7975760,NULL,3.00,3,9.00,DIGITAL WALLET,IN-STORE,2023-12-02,ITEM UNKNOWN
TXN_1917388,NULL,3.00,2,6.00,DIGITAL WALLET,UNKNOWN,2023-04-15,ITEM UNKNOWN
TXN_4829492,NULL,3.00,2,6.00,CREDIT CARD,TAKEAWAY,2023-01-09,ITEM UNKNOWN
TXN_6470865,COFFEE,2.00,NULL,NULL,DIGITAL WALLET,TAKEAWAY,2023-09-18,MISSING Q
TXN_8949453,NULL,4.00,5,20.00,UNKNOWN,TAKEAWAY,2023-11-13,ITEM UNKNOWN
TXN_7825638,NULL,3.00,4,12.00,UNKNOWN,UNKNOWN,2023-12-09,ITEM UNKNOWN
TXN_7876619,NULL,3.00,2,6.00,CASH,IN-STORE,2023-09-27,ITEM UNKNOWN
TXN_3754190,NULL,3.00,3,9.00,DIGITAL WALLET,IN-STORE,NULL,ITEM UNKNOWN
TXN_2001807,NULL,4.00,5,20.00,UNKNOWN,IN-STORE,2023-08-10,ITEM UNKNOWN
TXN_8406851,NULL,3.00,2,6.00,UNKNOWN,IN-STORE,2023-09-09,ITEM UNKNOWN
TXN_1769882,NULL,3.00,3,9.00,UNKNOWN,TAKEAWAY,2023-03-17,ITEM UNKNOWN
TXN_9393467,NULL,3.00,5,15.00,CASH,UNKNOWN,2023-09-25,ITEM UNKNOWN
TXN_5354721,NULL,3.00,5,15.00,UNKNOWN,TAKEAWAY,2023-09-07,ITEM UNKNOWN
TXN_1751183,NULL,4.00,5,20.00,CREDIT CARD,UNKNOWN,2023-12-25,ITEM UNKNOWN
TXN_8120577,NULL,3.00,3,9.00,CASH,IN-STORE,2023-09-08,ITEM UNKNOWN
TXN_9814511,NULL,3.00,1,3.00,CREDIT CARD,UNKNOWN,2023-01-05,ITEM UNKNOWN
TXN_2881529,NULL,3.00,1,3.00,UNKNOWN,IN-STORE,2023-07-04,ITEM UNKNOWN
TXN_8383484,NULL,3.00,2,6.00,UNKNOWN,UNKNOWN,2023-12-20,ITEM UNKNOWN
TXN_7515272,NULL,3.00,1,3.00,UNKNOWN,UNKNOWN,2023-08-12,ITEM UNKNOWN
TXN_7844352,NULL,3.00,2,6.00,CREDIT CARD,UNKNOWN,2023-07-26,ITEM UNKNOWN
TXN_2981117,NULL,3.00,1,3.00,UNKNOWN,IN-STORE,2023-10-02,ITEM UNKNOWN
TXN_1817076,NULL,3.00,3,9.00,CASH,IN-STORE,2023-05-31,ITEM UNKNOWN
TXN_2946861,NULL,3.00,3,9.00,UNKNOWN,UNKNOWN,2023-03-28,ITEM UNKNOWN
TXN_1499208,NULL,4.00,1,4.00,CASH,TAKEAWAY,2023-11-01,ITEM UNKNOWN
TXN_8837131,NULL,4.00,3,12.00,DIGITAL WALLET,IN-STORE,2023-12-23,ITEM UNKNOWN
TXN_2930963,NULL,4.00,2,8.00,DIGITAL WALLET,IN-STORE,2023-02-09,ITEM UNKNOWN
TXN_7997252,NULL,3.00,3,9.00,CREDIT CARD,UNKNOWN,2023-05-28,ITEM UNKNOWN
TXN_3105263,NULL,4.00,4,16.00,CREDIT CARD,TAKEAWAY,2023-11-25,ITEM UNKNOWN
TXN_8714536,NULL,4.00,4,16.00,DIGITAL WALLET,TAKEAWAY,2023-05-06,ITEM UNKNOWN
TXN_3282601,NULL,3.00,2,6.00,DIGITAL WALLET,IN-STORE,2023-02-03,ITEM UNKNOWN
TXN_5926025,NULL,4.00,2,8.00,DIGITAL WALLET,UNKNOWN,2023-07-29,ITEM UNKNOWN
TXN_5350200,NULL,4.00,1,4.00,CASH,IN-STORE,2023-12-02,ITEM UNKNOWN
TXN_9059245,NULL,4.00,1,4.00,CASH,UNKNOWN,2023-07-11,ITEM UNKNOWN
TXN_1548245,NULL,4.00,4,16.00,CREDIT CARD,UNKNOWN,2023-03-15,ITEM UNKNOWN
TXN_9843421,NULL,3.00,3,9.00,UNKNOWN,IN-STORE,2023-09-06,ITEM UNKNOWN
TXN_8014766,NULL,4.00,1,4.00,UNKNOWN,UNKNOWN,2023-10-05,ITEM UNKNOWN
TXN_6327139,NULL,4.00,4,16.00,UNKNOWN,TAKEAWAY,NULL,ITEM UNKNOWN
TXN_7398884,NULL,4.00,3,12.00,UNKNOWN,TAKEAWAY,2023-12-24,ITEM UNKNOWN
TXN_3716685,NULL,4.00,5,20.00,DIGITAL WALLET,TAKEAWAY,NULL,ITEM UNKNOWN
TXN_5026431,NULL,4.00,5,20.00,CASH,UNKNOWN,2023-12-05,ITEM UNKNOWN
TXN_7377496,NULL,3.00,1,3.00,CREDIT CARD,TAKEAWAY,2023-02-28,ITEM UNKNOWN
TXN_3324387,NULL,4.00,1,4.00,CREDIT CARD,UNKNOWN,2023-12-13,ITEM UNKNOWN
TXN_5426236,NULL,4.00,3,12.00,CASH,TAKEAWAY,2023-08-31,ITEM UNKNOWN
TXN_5412418,NULL,3.00,3,9.00,CASH,UNKNOWN,2023-09-23,ITEM UNKNOWN
TXN_9514452,NULL,2.00,5,10.00,CREDIT CARD,TAKEAWAY,2023-07-29,ITEM UNKNOWN
TXN_7302991,NULL,4.00,4,16.00,DIGITAL WALLET,TAKEAWAY,2023-04-05,ITEM UNKNOWN
TXN_7051683,NULL,3.00,3,9.00,DIGITAL WALLET,IN-STORE,2023-11-16,ITEM UNKNOWN
TXN_9081409,NULL,3.00,1,3.00,CREDIT CARD,IN-STORE,2023-06-16,ITEM UNKNOWN
TXN_8972137,NULL,3.00,4,12.00,CREDIT CARD,IN-STORE,2023-05-15,ITEM UNKNOWN
TXN_1643447,NULL,3.00,1,3.00,UNKNOWN,UNKNOWN,2023-09-03,ITEM UNKNOWN
TXN_4325098,NULL,3.00,5,15.00,UNKNOWN,TAKEAWAY,NULL,ITEM UNKNOWN
TXN_8356048,NULL,4.00,5,20.00,CASH,TAKEAWAY,2023-06-05,ITEM UNKNOWN
TXN_3010103,NULL,4.00,5,20.00,UNKNOWN,UNKNOWN,2023-02-14,ITEM UNKNOWN
TXN_3474333,NULL,3.00,3,9.00,CREDIT CARD,TAKEAWAY,2023-01-13,ITEM UNKNOWN
TXN_3401287,NULL,4.00,3,12.00,CASH,UNKNOWN,2023-02-12,ITEM UNKNOWN
TXN_8516055,NULL,4.00,5,20.00,CREDIT CARD,TAKEAWAY,2023-04-17,ITEM UNKNOWN
TXN_8712303,NULL,3.00,2,6.00,CREDIT CARD,TAKEAWAY,2023-08-14,ITEM UNKNOWN
TXN_7349134,NULL,4.00,1,4.00,CREDIT CARD,IN-STORE,2023-05-28,ITEM UNKNOWN
TXN_2350703,NULL,3.00,4,12.00,CASH,IN-STORE,2023-08-20,ITEM UNKNOWN
TXN_3840523,NULL,4.00,2,8.00,CREDIT CARD,UNKNOWN,2023-12-27,ITEM UNKNOWN
TXN_8739878,NULL,3.00,1,3.00,UNKNOWN,UNKNOWN,2023-09-27,ITEM UNKNOWN
TXN_5386352,NULL,4.00,1,4.00,CREDIT CARD,UNKNOWN,2023-01-18,ITEM UNKNOWN
TXN_6609572,NULL,4.00,4,16.00,CASH,IN-STORE,2023-06-15,ITEM UNKNOWN
TXN_9904042,NULL,4.00,4,16.00,CREDIT CARD,UNKNOWN,2023-06-09,ITEM UNKNOWN
TXN_9348280,NULL,4.00,2,8.00,CREDIT CARD,IN-STORE,2023-03-28,ITEM UNKNOWN
TXN_6154823,NULL,4.00,5,20.00,DIGITAL WALLET,TAKEAWAY,2023-11-16,ITEM UNKNOWN
TXN_3766378,NULL,3.00,1,3.00,CASH,TAKEAWAY,2023-08-18,ITEM UNKNOWN
TXN_9287659,NULL,3.00,1,3.00,UNKNOWN,IN-STORE,2023-05-13,ITEM UNKNOWN
TXN_8352748,NULL,4.00,5,20.00,CASH,IN-STORE,2023-05-01,ITEM UNKNOWN
TXN_3136701,NULL,4.00,2,8.00,UNKNOWN,IN-STORE,2023-12-18,ITEM UNKNOWN
TXN_7263939,NULL,4.00,1,4.00,UNKNOWN,UNKNOWN,2023-08-08,ITEM UNKNOWN
TXN_6476204,NULL,4.00,5,20.00,UNKNOWN,TAKEAWAY,2023-12-22,ITEM UNKNOWN
TXN_5893283,NULL,3.00,3,9.00,CASH,IN-STORE,2023-08-15,ITEM UNKNOWN
TXN_2086896,NULL,3.00,4,12.00,CASH,TAKEAWAY,2023-11-25,ITEM UNKNOWN
TXN_7954064,NULL,3.00,5,15.00,CREDIT CARD,IN-STORE,2023-08-31,ITEM UNKNOWN
TXN_9564495,NULL,3.00,4,12.00,DIGITAL WALLET,UNKNOWN,2023-08-01,ITEM UNKNOWN
TXN_5261036,NULL,3.00,5,15.00,CASH,UNKNOWN,2023-10-03,ITEM UNKNOWN
TXN_5651620,NULL,4.00,2,8.00,UNKNOWN,UNKNOWN,2023-05-16,ITEM UNKNOWN
TXN_5884081,COOKIE,1.00,NULL,NULL,DIGITAL WALLET,IN-STORE,2023-07-05,MISSING Q
TXN_6184247,NULL,3.00,1,3.00,UNKNOWN,UNKNOWN,NULL,ITEM UNKNOWN
TXN_1277813,NULL,3.00,5,15.00,DIGITAL WALLET,UNKNOWN,2023-09-11,ITEM UNKNOWN
TXN_9618962,NULL,2.00,3,6.00,CREDIT CARD,TAKEAWAY,2023-11-08,ITEM UNKNOWN
TXN_5949517,NULL,4.00,5,20.00,DIGITAL WALLET,IN-STORE,2023-12-31,ITEM UNKNOWN
TXN_6183513,NULL,3.00,3,9.00,DIGITAL WALLET,UNKNOWN,2023-12-22,ITEM UNKNOWN
TXN_3442435,NULL,4.00,2,8.00,DIGITAL WALLET,IN-STORE,2023-04-01,ITEM UNKNOWN
TXN_6890737,NULL,4.00,4,16.00,UNKNOWN,UNKNOWN,2023-05-22,ITEM UNKNOWN
TXN_4644790,NULL,4.00,1,4.00,CREDIT CARD,UNKNOWN,2023-09-19,ITEM UNKNOWN
TXN_2913107,NULL,2.00,4,8.00,UNKNOWN,IN-STORE,2023-05-20,ITEM UNKNOWN
TXN_9490465,NULL,4.00,3,12.00,UNKNOWN,UNKNOWN,2023-05-06,ITEM UNKNOWN
TXN_2510233,NULL,4.00,2,8.00,CREDIT CARD,IN-STORE,2023-11-04,ITEM UNKNOWN
TXN_1489200,NULL,3.00,1,3.00,UNKNOWN,UNKNOWN,2023-03-27,ITEM UNKNOWN
TXN_3435561,NULL,3.00,2,6.00,UNKNOWN,TAKEAWAY,NULL,ITEM UNKNOWN
TXN_3215610,NULL,3.00,2,6.00,DIGITAL WALLET,TAKEAWAY,2023-06-14,ITEM UNKNOWN
TXN_3444569,NULL,4.00,1,4.00,CREDIT CARD,TAKEAWAY,2023-10-07,ITEM UNKNOWN
TXN_3232279,NULL,4.00,4,16.00,UNKNOWN,TAKEAWAY,2023-05-30,ITEM UNKNOWN
TXN_9537106,NULL,4.00,3,12.00,UNKNOWN,UNKNOWN,2023-10-11,ITEM UNKNOWN
TXN_3632068,NULL,3.00,2,6.00,CASH,UNKNOWN,2023-08-29,ITEM UNKNOWN
TXN_3785168,NULL,3.00,3,9.00,UNKNOWN,TAKEAWAY,2023-05-01,ITEM UNKNOWN
TXN_3273540,NULL,3.00,1,3.00,CREDIT CARD,UNKNOWN,2023-08-21,ITEM UNKNOWN
TXN_3421404,NULL,4.00,4,16.00,CREDIT CARD,UNKNOWN,2023-05-05,ITEM UNKNOWN
TXN_8468509,NULL,4.00,3,12.00,CREDIT CARD,UNKNOWN,2023-06-13,ITEM UNKNOWN
TXN_6884558,NULL,3.00,1,3.00,CASH,IN-STORE,2023-08-14,ITEM UNKNOWN
TXN_1405124,NULL,4.00,3,12.00,DIGITAL WALLET,TAKEAWAY,2023-08-03,ITEM UNKNOWN
TXN_4208919,NULL,4.00,3,12.00,UNKNOWN,TAKEAWAY,2023-05-30,ITEM UNKNOWN
TXN_3577482,NULL,3.00,4,12.00,DIGITAL WALLET,UNKNOWN,2023-06-01,ITEM UNKNOWN
TXN_7895514,NULL,3.00,4,12.00,DIGITAL WALLET,TAKEAWAY,2023-08-06,ITEM UNKNOWN
TXN_4271502,NULL,3.00,2,6.00,UNKNOWN,UNKNOWN,2023-07-03,ITEM UNKNOWN
TXN_2536573,NULL,4.00,2,8.00,CASH,IN-STORE,2023-06-24,ITEM UNKNOWN
TXN_7893709,NULL,3.00,4,12.00,CREDIT CARD,UNKNOWN,2023-03-14,ITEM UNKNOWN
TXN_7502558,NULL,3.00,5,15.00,UNKNOWN,IN-STORE,2023-02-23,ITEM UNKNOWN
TXN_2000331,NULL,4.00,3,12.00,UNKNOWN,TAKEAWAY,2023-03-30,ITEM UNKNOWN
TXN_3295578,NULL,3.00,1,3.00,UNKNOWN,IN-STORE,2023-05-04,ITEM UNKNOWN
TXN_4166020,NULL,3.00,4,12.00,DIGITAL WALLET,IN-STORE,2023-08-18,ITEM UNKNOWN
TXN_7626322,NULL,3.00,4,12.00,CASH,TAKEAWAY,2023-12-21,ITEM UNKNOWN
TXN_2927941,NULL,4.00,4,16.00,CREDIT CARD,TAKEAWAY,2023-08-29,ITEM UNKNOWN
TXN_5972836,NULL,4.00,3,12.00,CASH,TAKEAWAY,2023-02-14,ITEM UNKNOWN
TXN_2073647,NULL,4.00,3,12.00,UNKNOWN,IN-STORE,2023-09-01,ITEM UNKNOWN
TXN_5635779,NULL,3.00,5,15.00,CASH,IN-STORE,2023-07-01,ITEM UNKNOWN
TXN_7049149,NULL,4.00,4,16.00,UNKNOWN,UNKNOWN,2023-08-27,ITEM UNKNOWN
TXN_5853158,NULL,4.00,4,16.00,CASH,TAKEAWAY,2023-09-25,ITEM UNKNOWN
TXN_2887528,NULL,3.00,2,6.00,UNKNOWN,UNKNOWN,2023-04-23,ITEM UNKNOWN
TXN_6830192,NULL,3.00,3,9.00,DIGITAL WALLET,UNKNOWN,2023-08-02,ITEM UNKNOWN
TXN_5999810,NULL,4.00,4,16.00,CREDIT CARD,TAKEAWAY,2023-06-19,ITEM UNKNOWN
TXN_4209626,NULL,4.00,5,20.00,CREDIT CARD,UNKNOWN,2023-07-04,ITEM UNKNOWN
TXN_8639995,NULL,4.00,3,12.00,CASH,UNKNOWN,2023-04-18,ITEM UNKNOWN
TXN_6748232,NULL,4.00,2,8.00,CREDIT CARD,IN-STORE,NULL,ITEM UNKNOWN
TXN_7213830,NULL,3.00,5,15.00,CREDIT CARD,UNKNOWN,2023-08-04,ITEM UNKNOWN
TXN_7928378,NULL,4.00,3,12.00,CASH,UNKNOWN,2023-07-04,ITEM UNKNOWN
TXN_8329144,NULL,4.00,2,8.00,DIGITAL WALLET,IN-STORE,2023-03-04,ITEM UNKNOWN
TXN_2250398,NULL,3.00,3,9.00,DIGITAL WALLET,UNKNOWN,2023-05-31,ITEM UNKNOWN
TXN_3240077,NULL,4.00,4,16.00,CASH,UNKNOWN,2023-12-14,ITEM UNKNOWN
TXN_3739424,NULL,3.00,1,3.00,CREDIT CARD,UNKNOWN,2023-06-03,ITEM UNKNOWN
TXN_9761314,NULL,4.00,4,16.00,CREDIT CARD,UNKNOWN,2023-12-14,ITEM UNKNOWN
TXN_1466002,NULL,3.00,3,9.00,UNKNOWN,UNKNOWN,2023-11-23,ITEM UNKNOWN
TXN_2457189,NULL,4.00,3,12.00,DIGITAL WALLET,TAKEAWAY,2023-08-28,ITEM UNKNOWN
TXN_5406411,NULL,4.00,5,20.00,CREDIT CARD,IN-STORE,2023-04-14,ITEM UNKNOWN
TXN_4628338,COFFEE,2.00,NULL,NULL,CASH,UNKNOWN,2023-12-25,MISSING Q
TXN_1704642,NULL,3.00,5,15.00,DIGITAL WALLET,IN-STORE,NULL,ITEM UNKNOWN
TXN_1873852,NULL,3.00,3,9.00,DIGITAL WALLET,TAKEAWAY,2023-07-07,ITEM UNKNOWN
TXN_6125085,NULL,3.00,3,9.00,UNKNOWN,TAKEAWAY,2023-05-24,ITEM UNKNOWN
TXN_4779439,NULL,3.00,4,12.00,UNKNOWN,IN-STORE,2023-08-23,ITEM UNKNOWN
TXN_8719561,NULL,3.00,3,9.00,UNKNOWN,UNKNOWN,2023-09-13,ITEM UNKNOWN
TXN_7396497,NULL,4.00,5,20.00,CREDIT CARD,IN-STORE,2023-02-10,ITEM UNKNOWN
TXN_6378070,NULL,4.00,3,12.00,DIGITAL WALLET,UNKNOWN,2023-09-26,ITEM UNKNOWN
TXN_2889185,NULL,4.00,2,8.00,UNKNOWN,UNKNOWN,2023-10-21,ITEM UNKNOWN
TXN_6306644,NULL,3.00,2,6.00,DIGITAL WALLET,UNKNOWN,2023-06-15,ITEM UNKNOWN
TXN_9944500,SMOOTHIE,4.00,NULL,NULL,CASH,IN-STORE,2023-01-03,MISSING Q
TXN_9970653,NULL,4.00,5,20.00,DIGITAL WALLET,TAKEAWAY,2023-12-30,ITEM UNKNOWN
TXN_2074343,NULL,4.00,3,12.00,DIGITAL WALLET,IN-STORE,2023-05-30,ITEM UNKNOWN
TXN_2158361,NULL,3.00,2,6.00,UNKNOWN,UNKNOWN,2023-07-27,ITEM UNKNOWN
TXN_3422774,NULL,4.00,2,8.00,DIGITAL WALLET,IN-STORE,2023-07-09,ITEM UNKNOWN
TXN_4469550,NULL,3.00,3,9.00,CREDIT CARD,IN-STORE,2023-05-10,ITEM UNKNOWN
TXN_7840510,NULL,3.00,4,12.00,UNKNOWN,TAKEAWAY,2023-08-07,ITEM UNKNOWN
TXN_9285925,NULL,3.00,5,15.00,CASH,IN-STORE,2023-06-20,ITEM UNKNOWN
TXN_1316036,NULL,3.00,2,6.00,CASH,TAKEAWAY,2023-10-27,ITEM UNKNOWN
TXN_1933628,NULL,3.00,2,6.00,CASH,IN-STORE,2023-08-27,ITEM UNKNOWN
TXN_9554670,NULL,3.00,4,12.00,CREDIT CARD,IN-STORE,2023-06-20,ITEM UNKNOWN
TXN_8980495,NULL,4.00,4,16.00,CREDIT CARD,TAKEAWAY,2023-11-17,ITEM UNKNOWN
TXN_9710982,NULL,4.00,4,16.00,UNKNOWN,UNKNOWN,2023-03-03,ITEM UNKNOWN
TXN_1387062,NULL,4.00,5,20.00,CREDIT CARD,UNKNOWN,2023-08-22,ITEM UNKNOWN
TXN_1082717,NULL,NULL,NULL,9.00,DIGITAL WALLET,IN-STORE,2023-12-13,ITEM UNKNOWN
TXN_8510450,NULL,3.00,4,12.00,UNKNOWN,UNKNOWN,2023-01-04,ITEM UNKNOWN
TXN_8128146,NULL,3.00,2,6.00,CASH,IN-STORE,2023-05-16,ITEM UNKNOWN
TXN_1803599,NULL,4.00,1,4.00,DIGITAL WALLET,TAKEAWAY,2023-08-30,ITEM UNKNOWN
TXN_9502424,NULL,3.00,4,12.00,CASH,UNKNOWN,2023-09-06,ITEM UNKNOWN
TXN_8235042,NULL,4.00,1,4.00,CREDIT CARD,UNKNOWN,NULL,ITEM UNKNOWN
TXN_6007721,NULL,4.00,4,16.00,CASH,IN-STORE,2023-08-21,ITEM UNKNOWN
TXN_3171150,NULL,3.00,1,3.00,DIGITAL WALLET,UNKNOWN,2023-02-06,ITEM UNKNOWN
TXN_6826342,NULL,3.00,2,6.00,CREDIT CARD,UNKNOWN,2023-03-30,ITEM UNKNOWN
TXN_9014681,NULL,4.00,3,12.00,UNKNOWN,IN-STORE,2023-01-03,ITEM UNKNOWN
TXN_1983705,NULL,3.00,3,9.00,CASH,TAKEAWAY,NULL,ITEM UNKNOWN
TXN_7251108,NULL,3.00,3,9.00,CREDIT CARD,IN-STORE,2023-10-04,ITEM UNKNOWN
TXN_2771512,NULL,3.00,4,12.00,DIGITAL WALLET,TAKEAWAY,2023-12-23,ITEM UNKNOWN
TXN_6109953,NULL,3.00,3,9.00,DIGITAL WALLET,TAKEAWAY,2023-04-22,ITEM UNKNOWN
TXN_8712307,NULL,3.00,5,15.00,CASH,IN-STORE,2023-04-10,ITEM UNKNOWN
TXN_3042552,NULL,3.00,1,3.00,CASH,UNKNOWN,2023-09-08,ITEM UNKNOWN
TXN_2035283,NULL,4.00,3,12.00,UNKNOWN,UNKNOWN,2023-01-14,ITEM UNKNOWN
TXN_7465693,NULL,4.00,3,12.00,DIGITAL WALLET,UNKNOWN,2023-09-04,ITEM UNKNOWN
TXN_2405666,NULL,3.00,2,6.00,CASH,TAKEAWAY,2023-04-20,ITEM UNKNOWN
TXN_2428781,SALAD,5.00,NULL,NULL,UNKNOWN,IN-STORE,2023-05-09,MISSING Q
TXN_6691792,NULL,3.00,3,9.00,UNKNOWN,TAKEAWAY,2023-06-21,ITEM UNKNOWN
TXN_8384699,NULL,5.00,3,15.00,UNKNOWN,IN-STORE,2023-12-16,ITEM UNKNOWN
TXN_3222612,NULL,3.00,3,9.00,CASH,TAKEAWAY,2023-01-25,ITEM UNKNOWN
TXN_4943552,NULL,3.00,5,15.00,UNKNOWN,TAKEAWAY,2023-04-14,ITEM UNKNOWN
TXN_3936339,NULL,3.00,5,15.00,DIGITAL WALLET,IN-STORE,2023-09-08,ITEM UNKNOWN
TXN_5226399,NULL,3.00,4,12.00,UNKNOWN,TAKEAWAY,2023-01-19,ITEM UNKNOWN
TXN_6273431,NULL,3.00,2,6.00,UNKNOWN,IN-STORE,2023-04-05,ITEM UNKNOWN
TXN_5108867,NULL,3.00,3,9.00,CASH,TAKEAWAY,2023-03-19,ITEM UNKNOWN
TXN_9389963,NULL,4.00,5,20.00,UNKNOWN,TAKEAWAY,2023-02-28,ITEM UNKNOWN
TXN_6837879,NULL,3.00,5,15.00,DIGITAL WALLET,UNKNOWN,2023-04-09,ITEM UNKNOWN
TXN_1444479,NULL,3.00,1,3.00,CREDIT CARD,UNKNOWN,2023-12-10,ITEM UNKNOWN
TXN_7368518,NULL,3.00,3,9.00,UNKNOWN,UNKNOWN,2023-03-14,ITEM UNKNOWN
TXN_2764819,NULL,3.00,1,3.00,CREDIT CARD,TAKEAWAY,2023-02-23,ITEM UNKNOWN
TXN_7668576,NULL,3.00,2,6.00,UNKNOWN,UNKNOWN,2023-11-08,ITEM UNKNOWN
TXN_2393287,NULL,3.00,2,6.00,CASH,UNKNOWN,2023-04-14,ITEM UNKNOWN
TXN_8932087,NULL,3.00,1,3.00,DIGITAL WALLET,TAKEAWAY,2023-10-30,ITEM UNKNOWN
TXN_6189486,NULL,4.00,5,20.00,UNKNOWN,TAKEAWAY,2023-03-23,ITEM UNKNOWN
TXN_1037464,NULL,4.00,5,20.00,DIGITAL WALLET,UNKNOWN,2023-02-14,ITEM UNKNOWN
TXN_2023651,SANDWICH,4.00,NULL,NULL,CASH,IN-STORE,2023-05-25,MISSING Q
TXN_7595907,NULL,3.00,5,15.00,UNKNOWN,IN-STORE,2023-04-24,ITEM UNKNOWN
TXN_2150872,NULL,3.00,5,15.00,CASH,TAKEAWAY,2023-03-18,ITEM UNKNOWN
TXN_9669616,COFFEE,2.00,NULL,NULL,UNKNOWN,UNKNOWN,2023-06-03,MISSING Q
TXN_1547245,SANDWICH,4.00,NULL,NULL,UNKNOWN,TAKEAWAY,2023-09-11,MISSING Q
TXN_8592808,NULL,4.00,1,4.00,CREDIT CARD,UNKNOWN,2023-04-02,ITEM UNKNOWN
TXN_5875201,NULL,4.00,1,4.00,UNKNOWN,IN-STORE,2023-01-31,ITEM UNKNOWN
TXN_6868763,NULL,3.00,3,9.00,DIGITAL WALLET,IN-STORE,2023-01-13,ITEM UNKNOWN
TXN_3135264,NULL,3.00,2,6.00,DIGITAL WALLET,UNKNOWN,2023-08-25,ITEM UNKNOWN
TXN_7068823,NULL,4.00,4,16.00,UNKNOWN,TAKEAWAY,2023-06-28,ITEM UNKNOWN
TXN_4075053,NULL,4.00,3,12.00,DIGITAL WALLET,TAKEAWAY,2023-02-27,ITEM UNKNOWN
TXN_2546684,JUICE,3.00,NULL,NULL,DIGITAL WALLET,TAKEAWAY,2023-04-08,MISSING Q
TXN_4038488,NULL,3.00,3,9.00,CREDIT CARD,UNKNOWN,2023-12-05,ITEM UNKNOWN
TXN_7932830,NULL,3.00,2,6.00,UNKNOWN,TAKEAWAY,2023-01-08,ITEM UNKNOWN
TXN_6904247,NULL,4.00,3,12.00,CREDIT CARD,UNKNOWN,2023-09-19,ITEM UNKNOWN
TXN_8932070,NULL,4.00,3,12.00,DIGITAL WALLET,IN-STORE,2023-12-03,ITEM UNKNOWN
TXN_7371295,NULL,3.00,3,9.00,UNKNOWN,UNKNOWN,2023-03-28,ITEM UNKNOWN
TXN_1185003,NULL,3.00,5,15.00,CASH,TAKEAWAY,2023-01-06,ITEM UNKNOWN
TXN_4550558,COOKIE,1.00,NULL,NULL,CREDIT CARD,IN-STORE,2023-08-04,MISSING Q
TXN_9555291,NULL,4.00,3,12.00,CREDIT CARD,UNKNOWN,2023-09-21,ITEM UNKNOWN
TXN_8512204,NULL,4.00,4,16.00,CASH,TAKEAWAY,2023-06-01,ITEM UNKNOWN
TXN_6397921,NULL,4.00,1,4.00,UNKNOWN,IN-STORE,2023-12-01,ITEM UNKNOWN
TXN_2444134,NULL,4.00,2,8.00,CREDIT CARD,IN-STORE,2023-01-16,ITEM UNKNOWN
TXN_2376870,NULL,4.00,5,20.00,DIGITAL WALLET,UNKNOWN,NULL,ITEM UNKNOWN
TXN_2025634,NULL,4.00,1,4.00,UNKNOWN,UNKNOWN,NULL,ITEM UNKNOWN
TXN_3053494,NULL,3.00,5,15.00,DIGITAL WALLET,IN-STORE,2023-06-11,ITEM UNKNOWN
TXN_9653700,NULL,3.00,1,3.00,CREDIT CARD,UNKNOWN,2023-03-12,ITEM UNKNOWN
TXN_8365530,NULL,4.00,4,16.00,UNKNOWN,TAKEAWAY,2023-03-10,ITEM UNKNOWN
TXN_1012349,NULL,3.00,4,12.00,CASH,IN-STORE,2023-07-08,ITEM UNKNOWN
TXN_8701045,NULL,3.00,2,6.00,CASH,IN-STORE,2023-06-07,ITEM UNKNOWN
TXN_1059293,NULL,4.00,5,20.00,UNKNOWN,UNKNOWN,2023-12-04,ITEM UNKNOWN
TXN_4935533,NULL,4.00,1,4.00,UNKNOWN,IN-STORE,2023-06-12,ITEM UNKNOWN
TXN_3803063,NULL,3.00,4,12.00,CREDIT CARD,TAKEAWAY,2023-11-23,ITEM UNKNOWN
TXN_5693294,NULL,3.00,3,9.00,CREDIT CARD,UNKNOWN,2023-12-30,ITEM UNKNOWN
TXN_2096487,NULL,4.00,5,20.00,DIGITAL WALLET,TAKEAWAY,2023-08-09,ITEM UNKNOWN
TXN_3749051,NULL,4.00,3,12.00,UNKNOWN,TAKEAWAY,2023-04-19,ITEM UNKNOWN
TXN_6755348,NULL,4.00,5,20.00,UNKNOWN,UNKNOWN,2023-06-23,ITEM UNKNOWN
TXN_2010060,NULL,3.00,1,3.00,CASH,UNKNOWN,2023-11-09,ITEM UNKNOWN
TXN_1902009,NULL,3.00,2,6.00,CREDIT CARD,UNKNOWN,2023-04-12,ITEM UNKNOWN
TXN_8263172,NULL,3.00,2,6.00,UNKNOWN,TAKEAWAY,2023-12-30,ITEM UNKNOWN
TXN_5506097,NULL,4.00,5,20.00,CASH,TAKEAWAY,2023-05-04,ITEM UNKNOWN
TXN_1521861,NULL,3.00,5,15.00,CASH,IN-STORE,2023-04-02,ITEM UNKNOWN
TXN_6508674,NULL,3.00,2,6.00,UNKNOWN,TAKEAWAY,2023-02-09,ITEM UNKNOWN
TXN_5935353,NULL,4.00,2,8.00,CREDIT CARD,UNKNOWN,2023-05-01,ITEM UNKNOWN
TXN_4502922,NULL,4.00,1,4.00,CREDIT CARD,TAKEAWAY,2023-06-23,ITEM UNKNOWN
TXN_1892102,NULL,4.00,3,12.00,CASH,UNKNOWN,2023-03-23,ITEM UNKNOWN
TXN_6901162,NULL,4.00,3,12.00,DIGITAL WALLET,IN-STORE,NULL,ITEM UNKNOWN
TXN_3689579,NULL,4.00,2,8.00,DIGITAL WALLET,TAKEAWAY,2023-12-02,ITEM UNKNOWN
TXN_8918253,NULL,4.00,3,12.00,DIGITAL WALLET,UNKNOWN,2023-09-07,ITEM UNKNOWN
TXN_5985513,NULL,4.00,2,8.00,CREDIT CARD,UNKNOWN,2023-08-02,ITEM UNKNOWN
TXN_2332609,NULL,4.00,5,20.00,CREDIT CARD,IN-STORE,2023-05-17,ITEM UNKNOWN
TXN_1166001,NULL,3.00,5,15.00,CASH,UNKNOWN,NULL,ITEM UNKNOWN
TXN_6810969,NULL,4.00,1,4.00,UNKNOWN,IN-STORE,2023-03-08,ITEM UNKNOWN
TXN_4511996,NULL,3.00,3,9.00,DIGITAL WALLET,UNKNOWN,2023-09-18,ITEM UNKNOWN
TXN_9881555,NULL,3.00,5,15.00,CASH,IN-STORE,2023-04-09,ITEM UNKNOWN
TXN_4631228,NULL,3.00,1,3.00,DIGITAL WALLET,UNKNOWN,2023-10-07,ITEM UNKNOWN
TXN_3821298,NULL,4.00,5,20.00,CREDIT CARD,UNKNOWN,2023-04-26,ITEM UNKNOWN
TXN_4255580,NULL,3.00,1,3.00,CASH,UNKNOWN,NULL,ITEM UNKNOWN
TXN_9697670,NULL,3.00,3,9.00,CASH,TAKEAWAY,2023-12-29,ITEM UNKNOWN
TXN_2065683,NULL,2.00,3,6.00,UNKNOWN,UNKNOWN,2023-09-21,ITEM UNKNOWN
TXN_8434651,NULL,3.00,4,12.00,DIGITAL WALLET,UNKNOWN,2023-01-27,ITEM UNKNOWN
TXN_1637131,NULL,1.50,4,6.00,CASH,UNKNOWN,NULL,ITEM UNKNOWN
TXN_9252700,NULL,3.00,3,9.00,CREDIT CARD,UNKNOWN,2023-08-24,ITEM UNKNOWN
TXN_1124900,NULL,4.00,4,16.00,CREDIT CARD,IN-STORE,2023-09-08,ITEM UNKNOWN
TXN_7004303,NULL,4.00,3,12.00,CASH,IN-STORE,2023-10-06,ITEM UNKNOWN
TXN_3219599,NULL,3.00,2,6.00,UNKNOWN,UNKNOWN,2023-08-22,ITEM UNKNOWN
TXN_6616787,NULL,3.00,2,6.00,UNKNOWN,IN-STORE,2023-09-29,ITEM UNKNOWN
TXN_9810581,NULL,3.00,1,3.00,CASH,UNKNOWN,2023-11-20,ITEM UNKNOWN
TXN_2644561,NULL,4.00,4,16.00,DIGITAL WALLET,UNKNOWN,2023-09-13,ITEM UNKNOWN
TXN_9647494,NULL,4.00,2,8.00,CREDIT CARD,UNKNOWN,2023-10-21,ITEM UNKNOWN
TXN_4243930,NULL,4.00,5,20.00,CASH,IN-STORE,2023-06-07,ITEM UNKNOWN
TXN_9924732,SANDWICH,4.00,NULL,NULL,CREDIT CARD,IN-STORE,2023-01-18,MISSING Q
TXN_8609510,NULL,3.00,5,15.00,UNKNOWN,TAKEAWAY,2023-05-08,ITEM UNKNOWN
TXN_4569448,NULL,3.00,1,3.00,UNKNOWN,UNKNOWN,NULL,ITEM UNKNOWN
TXN_5680657,NULL,3.00,5,15.00,CASH,IN-STORE,2023-05-16,ITEM UNKNOWN
TXN_1661682,NULL,4.00,5,20.00,DIGITAL WALLET,UNKNOWN,2023-07-13,ITEM UNKNOWN
TXN_8860270,NULL,4.00,1,4.00,CASH,TAKEAWAY,2023-11-06,ITEM UNKNOWN
TXN_2480808,NULL,4.00,1,4.00,CREDIT CARD,UNKNOWN,2023-03-30,ITEM UNKNOWN
TXN_3334632,NULL,2.00,1,2.00,CREDIT CARD,TAKEAWAY,2023-11-20,ITEM UNKNOWN
TXN_3562418,NULL,4.00,2,8.00,DIGITAL WALLET,UNKNOWN,2023-08-13,ITEM UNKNOWN
TXN_2322162,NULL,3.00,5,15.00,DIGITAL WALLET,UNKNOWN,2023-11-12,ITEM UNKNOWN
TXN_7652830,NULL,3.00,2,6.00,UNKNOWN,UNKNOWN,2023-08-15,ITEM UNKNOWN
TXN_1688292,NULL,3.00,3,9.00,CREDIT CARD,IN-STORE,NULL,ITEM UNKNOWN
TXN_9582818,NULL,4.00,1,4.00,CASH,IN-STORE,2023-10-27,ITEM UNKNOWN
TXN_1208561,NULL,NULL,NULL,20.00,CREDIT CARD,UNKNOWN,2023-08-19,ITEM UNKNOWN
TXN_8751702,NULL,3.00,5,15.00,CASH,UNKNOWN,2023-02-13,ITEM UNKNOWN
TXN_9162296,NULL,4.00,3,12.00,CASH,IN-STORE,2023-05-10,ITEM UNKNOWN
TXN_1975184,COFFEE,2.00,NULL,NULL,DIGITAL WALLET,UNKNOWN,2023-01-15,MISSING Q
TXN_4659954,NULL,4.00,3,12.00,CREDIT CARD,IN-STORE,NULL,ITEM UNKNOWN
TXN_2338617,NULL,3.00,2,6.00,DIGITAL WALLET,UNKNOWN,2023-01-12,ITEM UNKNOWN
TXN_2292088,NULL,4.00,1,4.00,DIGITAL WALLET,TAKEAWAY,2023-03-04,ITEM UNKNOWN
TXN_8807600,NULL,4.00,1,4.00,CASH,TAKEAWAY,2023-09-24,ITEM UNKNOWN
TXN_4583012,NULL,4.00,5,20.00,DIGITAL WALLET,UNKNOWN,2023-02-27,ITEM UNKNOWN
TXN_7851634,NULL,4.00,4,16.00,UNKNOWN,UNKNOWN,2023-01-08,ITEM UNKNOWN
TXN_9659401,NULL,1.00,3,3.00,DIGITAL WALLET,UNKNOWN,2023-06-02,ITEM UNKNOWN
