TXN_4433211,UNKNOWN,UNKNOWN,TAKEAWAY,9.00,3.00,3,MISSING ITEM,2023-10-06
TXN_4717867,UNKNOWN,UNKNOWN,TAKEAWAY,15.00,3.00,5,MISSING ITEM,2023-07-28
TXN_8915701,UNKNOWN,UNKNOWN,IN-STORE,3.00,1.50,2,MISSING ITEM,2023-03-21
TXN_1736287,UNKNOWN,DIGITAL WALLET,UNKNOWN,10.00,2.00,5,MISSING ITEM,2023-06-02
TXN_8927252,UNKNOWN,CREDIT CARD,UNKNOWN,2.00,1.00,2,MISSING ITEM,2023-11-06
TXN_7710508,UNKNOWN,CASH,UNKNOWN,5.00,1.00,5,MISSING ITEM,NULL
TXN_6855453,UNKNOWN,UNKNOWN,IN-STORE,12.00,3.00,4,MISSING ITEM,2023-07-17
TXN_8914892,UNKNOWN,DIGITAL WALLET,UNKNOWN,25.00,5.00,5,MISSING ITEM,2023-03-15
TXN_8051289,UNKNOWN,UNKNOWN,IN-STORE,3.00,3.00,1,MISSING ITEM,2023-10-09
TXN_9099694,UNKNOWN,UNKNOWN,TAKEAWAY,15.00,5.00,3,MISSING ITEM,2023-11-18
TXN_8471743,UNKNOWN,DIGITAL WALLET,IN-STORE,15.00,3.00,5,MISSING ITEM,2023-04-06
TXN_6044979,UNKNOWN,CASH,IN-STORE,1.00,1.00,1,MISSING ITEM,2023-12-08
TXN_9487821,UNKNOWN,DIGITAL WALLET,TAKEAWAY,5.00,5.00,1,MISSING ITEM,2023-05-24
TXN_4132730,UNKNOWN,UNKNOWN,IN-STORE,5.00,1.00,5,MISSING ITEM,2023-03-12
TXN_5455936,UNKNOWN,UNKNOWN,IN-STORE,15.00,3.00,5,MISSING ITEM,2023-10-28
TXN_9517146,UNKNOWN,CASH,TAKEAWAY,25.00,5.00,5,MISSING ITEM,2023-10-30
TXN_4633784,UNKNOWN,UNKNOWN,IN-STORE,NULL,NULL,5,MISSING PRICE,2023-02-06
TXN_4031509,UNKNOWN,CREDIT CARD,TAKEAWAY,NULL,NULL,4,MISSING PRICE,2023-01-04
TXN_6541415,UNKNOWN,CASH,IN-STORE,NULL,3.00,NULL,MISSING QUANTITY,2023-11-25
TXN_3226832,UNKNOWN,CASH,UNKNOWN,20.00,4.00,5,MISSING ITEM,2023-09-04
TXN_3494565,UNKNOWN,UNKNOWN,UNKNOWN,8.00,4.00,2,MISSING ITEM,2023-07-10
TXN_3831848,UNKNOWN,DIGITAL WALLET,TAKEAWAY,4.00,4.00,1,MISSING ITEM,2023-11-03
TXN_5115080,UNKNOWN,CREDIT CARD,UNKNOWN,15.00,3.00,5,MISSING ITEM,2023-02-18
TXN_8964522,UNKNOWN,CREDIT CARD,TAKEAWAY,9.00,3.00,3,MISSING ITEM,2023-10-28
TXN_6717827,UNKNOWN,DIGITAL WALLET,UNKNOWN,15.00,5.00,3,MISSING ITEM,2023-11-15
TXN_3499124,UNKNOWN,CREDIT CARD,UNKNOWN,16.00,4.00,4,MISSING ITEM,2023-08-25
TXN_2651216,UNKNOWN,UNKNOWN,UNKNOWN,12.00,4.00,3,MISSING ITEM,2023-04-04
TXN_7077119,UNKNOWN,DIGITAL WALLET,IN-STORE,4.00,4.00,1,MISSING ITEM,2023-12-30
TXN_3205009,UNKNOWN,CASH,IN-STORE,3.00,1.50,2,MISSING ITEM,2023-01-03
TXN_9238066,UNKNOWN,DIGITAL WALLET,IN-STORE,7.50,1.50,5,MISSING ITEM,2023-09-15
TXN_6714420,UNKNOWN,CREDIT CARD,TAKEAWAY,6.00,3.00,2,MISSING ITEM,2023-03-30
TXN_8929774,UNKNOWN,CASH,UNKNOWN,9.00,3.00,3,MISSING ITEM,2023-10-02
TXN_8669422,UNKNOWN,CASH,TAKEAWAY,12.00,3.00,4,MISSING ITEM,2023-10-15
TXN_9913877,UNKNOWN,CREDIT CARD,UNKNOWN,4.00,2.00,2,MISSING ITEM,2023-05-09
TXN_1842675,UNKNOWN,CREDIT CARD,TAKEAWAY,4.00,1.00,4,MISSING ITEM,2023-06-23
TXN_6953697,UNKNOWN,UNKNOWN,TAKEAWAY,12.00,4.00,3,MISSING ITEM,2023-05-27
TXN_3495950,UNKNOWN,CREDIT CARD,IN-STORE,NULL,NULL,4,MISSING PRICE,2023-02-19
TXN_5446858,UNKNOWN,CASH,IN-STORE,1.00,1.00,1,MISSING ITEM,2023-11-07
TXN_8955259,UNKNOWN,CREDIT CARD,UNKNOWN,8.00,4.00,2,MISSING ITEM,2023-11-18
TXN_1340956,UNKNOWN,UNKNOWN,UNKNOWN,8.00,2.00,4,MISSING ITEM,2023-10-26
TXN_2523298,UNKNOWN,UNKNOWN,IN-STORE,NULL,NULL,4,MISSING PRICE,2023-03-25
TXN_8365478,UNKNOWN,CASH,TAKEAWAY,12.00,4.00,3,MISSING ITEM,2023-02-06
TXN_8276635,UNKNOWN,DIGITAL WALLET,TAKEAWAY,16.00,4.00,4,MISSING ITEM,2023-12-16
TXN_7569615,UNKNOWN,CASH,TAKEAWAY,6.00,3.00,2,MISSING ITEM,2023-06-07
TXN_9421441,UNKNOWN,CASH,UNKNOWN,8.00,4.00,2,MISSING ITEM,2023-06-20
TXN_9065402,UNKNOWN,CASH,TAKEAWAY,5.00,5.00,1,MISSING ITEM,2023-12-22
TXN_2635532,UNKNOWN,CASH,TAKEAWAY,16.00,4.00,4,MISSING ITEM,2023-01-14
TXN_3283097,UNKNOWN,CASH,TAKEAWAY,10.00,2.00,5,MISSING ITEM,2023-02-28
TXN_2633602,UNKNOWN,DIGITAL WALLET,IN-STORE,6.00,3.00,2,MISSING ITEM,2023-02-02
TXN_3515730,UNKNOWN,CREDIT CARD,UNKNOWN,1.00,1.00,1,MISSING ITEM,2023-08-14
TXN_7050740,UNKNOWN,CASH,TAKEAWAY,3.00,3.00,1,MISSING ITEM,2023-07-12
TXN_7809183,UNKNOWN,DIGITAL WALLET,TAKEAWAY,4.00,1.00,4,MISSING ITEM,2023-09-08
TXN_6071202,UNKNOWN,CASH,IN-STORE,1.00,1.00,1,MISSING ITEM,2023-06-07
TXN_4796350,UNKNOWN,UNKNOWN,TAKEAWAY,NULL,4.00,NULL,MISSING QUANTITY,NULL
TXN_4355728,UNKNOWN,CREDIT CARD,UNKNOWN,12.00,3.00,4,MISSING ITEM,2023-03-06
TXN_7661609,UNKNOWN,UNKNOWN,IN-STORE,3.00,3.00,1,MISSING ITEM,2023-11-29
TXN_1664665,UNKNOWN,CREDIT CARD,IN-STORE,9.00,3.00,3,MISSING ITEM,2023-05-21
TXN_4573576,UNKNOWN,CASH,IN-STORE,6.00,3.00,2,MISSING ITEM,2023-07-05
TXN_9166449,UNKNOWN,UNKNOWN,TAKEAWAY,4.00,1.00,4,MISSING ITEM,2023-07-31
TXN_7752124,UNKNOWN,CREDIT CARD,UNKNOWN,12.00,4.00,3,MISSING ITEM,2023-12-09
TXN_2239041,UNKNOWN,UNKNOWN,IN-STORE,6.00,1.50,4,MISSING ITEM,2023-10-24
TXN_5531712,UNKNOWN,CASH,UNKNOWN,3.00,1.50,2,MISSING ITEM,2023-01-09
TXN_3791639,UNKNOWN,DIGITAL WALLET,UNKNOWN,12.00,3.00,4,MISSING ITEM,NULL
TXN_4546375,UNKNOWN,CREDIT CARD,UNKNOWN,5.00,5.00,1,MISSING ITEM,2023-02-20
TXN_4186681,UNKNOWN,DIGITAL WALLET,UNKNOWN,NULL,NULL,4,MISSING PRICE,2023-05-24
TXN_4152036,UNKNOWN,CASH,UNKNOWN,NULL,3.00,NULL,MISSING QUANTITY,NULL
TXN_4059912,UNKNOWN,UNKNOWN,UNKNOWN,12.00,4.00,3,MISSING ITEM,2023-04-21
TXN_7110444,UNKNOWN,CASH,UNKNOWN,20.00,5.00,4,MISSING ITEM,2023-12-07
TXN_5448157,UNKNOWN,CREDIT CARD,UNKNOWN,3.00,1.00,3,MISSING ITEM,2023-01-11
TXN_6569656,UNKNOWN,CASH,UNKNOWN,5.00,1.00,5,MISSING ITEM,2023-02-28
TXN_7353972,UNKNOWN,CASH,IN-STORE,12.00,3.00,4,MISSING ITEM,2023-02-02
TXN_9349962,UNKNOWN,UNKNOWN,IN-STORE,16.00,4.00,4,MISSING ITEM,NULL
TXN_2681833,UNKNOWN,DIGITAL WALLET,IN-STORE,3.00,1.00,3,MISSING ITEM,2023-10-05
TXN_9203920,UNKNOWN,UNKNOWN,TAKEAWAY,12.00,3.00,4,MISSING ITEM,2023-11-01
TXN_6362093,UNKNOWN,UNKNOWN,UNKNOWN,6.00,2.00,3,MISSING ITEM,2023-03-19
TXN_4663299,UNKNOWN,DIGITAL WALLET,IN-STORE,16.00,4.00,4,MISSING ITEM,2023-12-26
TXN_4679409,UNKNOWN,UNKNOWN,IN-STORE,NULL,2.00,NULL,MISSING QUANTITY,2023-03-25
TXN_5637677,UNKNOWN,DIGITAL WALLET,TAKEAWAY,6.00,3.00,2,MISSING ITEM,2023-08-24
TXN_6434414,UNKNOWN,DIGITAL WALLET,TAKEAWAY,2.00,2.00,1,MISSING ITEM,2023-03-10
TXN_6178152,UNKNOWN,UNKNOWN,UNKNOWN,7.50,1.50,5,MISSING ITEM,2023-12-26
TXN_5213542,UNKNOWN,CREDIT CARD,IN-STORE,NULL,2.00,NULL,MISSING QUANTITY,2023-08-21
TXN_8297135,UNKNOWN,UNKNOWN,UNKNOWN,8.00,4.00,2,MISSING ITEM,2023-09-16
TXN_8296518,UNKNOWN,CREDIT CARD,IN-STORE,8.00,4.00,2,MISSING ITEM,2023-02-08
TXN_5787508,UNKNOWN,CREDIT CARD,TAKEAWAY,NULL,NULL,3,MISSING PRICE,2023-07-23
TXN_7399897,UNKNOWN,UNKNOWN,TAKEAWAY,12.00,3.00,4,MISSING ITEM,2023-11-14
TXN_2392934,UNKNOWN,UNKNOWN,IN-STORE,4.00,2.00,2,MISSING ITEM,2023-11-25
TXN_7608816,UNKNOWN,DIGITAL WALLET,IN-STORE,9.00,3.00,3,MISSING ITEM,2023-11-07
TXN_3228823,UNKNOWN,UNKNOWN,UNKNOWN,7.50,1.50,5,MISSING ITEM,2023-01-06
TXN_8354174,UNKNOWN,CREDIT CARD,UNKNOWN,6.00,2.00,3,MISSING ITEM,2023-12-29
TXN_5931292,UNKNOWN,CREDIT CARD,IN-STORE,8.00,4.00,2,MISSING ITEM,2023-12-18
TXN_8776606,UNKNOWN,DIGITAL WALLET,TAKEAWAY,20.00,5.00,4,MISSING ITEM,2023-07-24
TXN_6609947,UNKNOWN,DIGITAL WALLET,IN-STORE,9.00,3.00,3,MISSING ITEM,2023-05-29
TXN_9036453,UNKNOWN,DIGITAL WALLET,TAKEAWAY,4.00,4.00,1,MISSING ITEM,2023-02-08
TXN_4501168,UNKNOWN,UNKNOWN,IN-STORE,1.50,1.50,1,MISSING ITEM,2023-06-28
TXN_3502743,UNKNOWN,UNKNOWN,UNKNOWN,20.00,4.00,5,MISSING ITEM,2023-02-28
TXN_7940202,UNKNOWN,DIGITAL WALLET,UNKNOWN,NULL,NULL,1,MISSING PRICE,2023-07-23
TXN_8563346,UNKNOWN,CREDIT CARD,UNKNOWN,6.00,2.00,3,MISSING ITEM,2023-10-24
TXN_4944121,UNKNOWN,UNKNOWN,UNKNOWN,4.00,2.00,2,MISSING ITEM,2023-05-29
TXN_3463928,UNKNOWN,CREDIT CARD,IN-STORE,6.00,1.50,4,MISSING ITEM,2023-06-07
TXN_2179458,UNKNOWN,CASH,IN-STORE,3.00,3.00,1,MISSING ITEM,2023-10-23
TXN_5648512,UNKNOWN,UNKNOWN,TAKEAWAY,12.00,3.00,4,MISSING ITEM,2023-01-30
TXN_9561832,UNKNOWN,DIGITAL WALLET,UNKNOWN,12.00,4.00,3,MISSING ITEM,2023-10-29
TXN_3790025,UNKNOWN,CASH,UNKNOWN,4.00,4.00,1,MISSING ITEM,2023-10-07
TXN_3489940,UNKNOWN,CREDIT CARD,UNKNOWN,3.00,1.00,3,MISSING ITEM,2023-12-15
TXN_2526667,UNKNOWN,DIGITAL WALLET,IN-STORE,9.00,3.00,3,MISSING ITEM,2023-06-10
TXN_7078232,UNKNOWN,DIGITAL WALLET,TAKEAWAY,15.00,3.00,5,MISSING ITEM,2023-11-21
TXN_2190793,UNKNOWN,CREDIT CARD,TAKEAWAY,4.00,1.00,4,MISSING ITEM,2023-07-29
TXN_5657259,UNKNOWN,UNKNOWN,IN-STORE,3.00,1.50,2,MISSING ITEM,2023-03-03
TXN_2287941,UNKNOWN,UNKNOWN,UNKNOWN,1.00,1.00,1,MISSING ITEM,2023-09-22
TXN_6254003,UNKNOWN,UNKNOWN,UNKNOWN,10.00,5.00,2,MISSING ITEM,2023-11-02
TXN_6269119,UNKNOWN,DIGITAL WALLET,TAKEAWAY,6.00,3.00,2,MISSING ITEM,2023-07-19
TXN_1646009,UNKNOWN,CREDIT CARD,UNKNOWN,20.00,5.00,4,MISSING ITEM,2023-10-11
TXN_1104849,UNKNOWN,DIGITAL WALLET,TAKEAWAY,16.00,4.00,4,MISSING ITEM,2023-07-05
TXN_5410185,UNKNOWN,UNKNOWN,IN-STORE,9.00,3.00,3,MISSING ITEM,2023-02-22
TXN_5651348,UNKNOWN,CASH,TAKEAWAY,15.00,5.00,3,MISSING ITEM,2023-11-04
TXN_9084554,UNKNOWN,CREDIT CARD,IN-STORE,16.00,4.00,4,MISSING ITEM,2023-06-08
TXN_2336708,UNKNOWN,CASH,IN-STORE,6.00,3.00,2,MISSING ITEM,2023-06-16
TXN_8623443,UNKNOWN,CREDIT CARD,IN-STORE,15.00,5.00,3,MISSING ITEM,2023-09-04
TXN_6868182,UNKNOWN,CREDIT CARD,UNKNOWN,20.00,4.00,5,MISSING ITEM,2023-01-02
TXN_6007079,UNKNOWN,CREDIT CARD,IN-STORE,2.00,1.00,2,MISSING ITEM,2023-10-09
TXN_1413304,UNKNOWN,UNKNOWN,TAKEAWAY,25.00,5.00,5,MISSING ITEM,2023-03-17
TXN_2155368,UNKNOWN,DIGITAL WALLET,TAKEAWAY,2.00,1.00,2,MISSING ITEM,2023-02-06
TXN_5236892,UNKNOWN,DIGITAL WALLET,TAKEAWAY,3.00,3.00,1,MISSING ITEM,2023-03-09
TXN_8161873,UNKNOWN,DIGITAL WALLET,UNKNOWN,1.50,1.50,1,MISSING ITEM,2023-02-08
TXN_7026504,UNKNOWN,UNKNOWN,UNKNOWN,20.00,4.00,5,MISSING ITEM,2023-03-29
TXN_4315988,UNKNOWN,CASH,TAKEAWAY,10.00,5.00,2,MISSING ITEM,2023-04-12
TXN_3008336,UNKNOWN,CREDIT CARD,UNKNOWN,20.00,4.00,5,MISSING ITEM,2023-07-27
TXN_2955040,UNKNOWN,UNKNOWN,UNKNOWN,15.00,3.00,5,MISSING ITEM,2023-03-21
TXN_2726700,UNKNOWN,DIGITAL WALLET,UNKNOWN,NULL,1.50,NULL,MISSING QUANTITY,2023-04-10
TXN_4090904,UNKNOWN,DIGITAL WALLET,IN-STORE,NULL,1.50,NULL,MISSING QUANTITY,2023-08-04
TXN_2473090,UNKNOWN,CREDIT CARD,IN-STORE,NULL,NULL,2,MISSING PRICE,2023-03-03
TXN_8703212,UNKNOWN,CREDIT CARD,TAKEAWAY,4.00,2.00,2,MISSING ITEM,2023-04-17
TXN_5041555,UNKNOWN,DIGITAL WALLET,UNKNOWN,6.00,1.50,4,MISSING ITEM,2023-08-26
TXN_9822317,UNKNOWN,CASH,IN-STORE,4.50,1.50,3,MISSING ITEM,2023-09-25
TXN_6191123,UNKNOWN,DIGITAL WALLET,TAKEAWAY,2.00,1.00,2,MISSING ITEM,2023-03-01
TXN_1054915,UNKNOWN,UNKNOWN,IN-STORE,5.00,1.00,5,MISSING ITEM,2023-01-22
TXN_4723978,UNKNOWN,UNKNOWN,UNKNOWN,2.00,1.00,2,MISSING ITEM,2023-04-20
TXN_3331437,UNKNOWN,CASH,TAKEAWAY,2.00,2.00,1,MISSING ITEM,2023-02-26
TXN_1505947,UNKNOWN,CASH,UNKNOWN,3.00,1.00,3,MISSING ITEM,2023-11-21
TXN_2114258,UNKNOWN,DIGITAL WALLET,IN-STORE,1.00,1.00,1,MISSING ITEM,2023-12-04
TXN_6565955,UNKNOWN,DIGITAL WALLET,IN-STORE,6.00,2.00,3,MISSING ITEM,2023-12-29
TXN_2923987,UNKNOWN,CASH,TAKEAWAY,8.00,2.00,4,MISSING ITEM,2023-03-28
TXN_5080213,UNKNOWN,DIGITAL WALLET,UNKNOWN,2.00,2.00,1,MISSING ITEM,2023-07-18
TXN_9596100,UNKNOWN,CASH,TAKEAWAY,12.00,3.00,4,MISSING ITEM,2023-05-04
TXN_6359777,UNKNOWN,UNKNOWN,UNKNOWN,20.00,4.00,5,MISSING ITEM,2023-01-13
TXN_8466519,UNKNOWN,UNKNOWN,TAKEAWAY,1.00,1.00,1,MISSING ITEM,2023-08-31
TXN_3815345,UNKNOWN,CASH,IN-STORE,5.00,1.00,5,MISSING ITEM,2023-09-16
TXN_1987977,UNKNOWN,UNKNOWN,UNKNOWN,8.00,4.00,2,MISSING ITEM,2023-11-16
TXN_5031214,UNKNOWN,UNKNOWN,TAKEAWAY,NULL,NULL,5,MISSING PRICE,2023-07-29
TXN_8817239,UNKNOWN,CASH,IN-STORE,20.00,4.00,5,MISSING ITEM,2023-01-29
TXN_8551432,UNKNOWN,UNKNOWN,TAKEAWAY,NULL,1.50,NULL,MISSING QUANTITY,2023-01-12
TXN_6086709,UNKNOWN,UNKNOWN,UNKNOWN,15.00,3.00,5,MISSING ITEM,2023-07-07
TXN_4932018,UNKNOWN,DIGITAL WALLET,TAKEAWAY,16.00,4.00,4,MISSING ITEM,2023-08-23
TXN_8205107,UNKNOWN,UNKNOWN,TAKEAWAY,16.00,4.00,4,MISSING ITEM,2023-04-19
TXN_5290522,UNKNOWN,CREDIT CARD,TAKEAWAY,4.00,2.00,2,MISSING ITEM,2023-02-16
TXN_8396271,UNKNOWN,UNKNOWN,UNKNOWN,NULL,NULL,2,MISSING PRICE,2023-09-12
TXN_4798534,UNKNOWN,DIGITAL WALLET,TAKEAWAY,25.00,5.00,5,MISSING ITEM,2023-07-23
TXN_9844703,UNKNOWN,UNKNOWN,UNKNOWN,3.00,1.50,2,MISSING ITEM,2023-05-18
TXN_4147073,UNKNOWN,CASH,TAKEAWAY,12.00,3.00,4,MISSING ITEM,2023-06-16
TXN_3001647,UNKNOWN,UNKNOWN,UNKNOWN,5.00,5.00,1,MISSING ITEM,2023-07-01
TXN_7406393,UNKNOWN,CREDIT CARD,TAKEAWAY,7.50,1.50,5,MISSING ITEM,2023-06-18
TXN_8517379,UNKNOWN,DIGITAL WALLET,TAKEAWAY,12.00,3.00,4,MISSING ITEM,2023-09-23
TXN_6899248,UNKNOWN,UNKNOWN,UNKNOWN,15.00,3.00,5,MISSING ITEM,2023-12-13
TXN_3071617,UNKNOWN,CREDIT CARD,UNKNOWN,4.00,1.00,4,MISSING ITEM,2023-12-15
TXN_3670298,UNKNOWN,CREDIT CARD,TAKEAWAY,4.00,1.00,4,MISSING ITEM,2023-02-04
TXN_3195257,UNKNOWN,CASH,UNKNOWN,NULL,5.00,NULL,MISSING QUANTITY,2023-10-09
TXN_2820788,UNKNOWN,UNKNOWN,UNKNOWN,5.00,1.00,5,MISSING ITEM,2023-09-25
TXN_5402385,UNKNOWN,CASH,IN-STORE,6.00,3.00,2,MISSING ITEM,2023-06-18
TXN_4323570,UNKNOWN,CASH,UNKNOWN,1.00,1.00,1,MISSING ITEM,2023-03-04
TXN_4657842,UNKNOWN,CASH,TAKEAWAY,NULL,1.00,NULL,MISSING QUANTITY,2023-09-29
TXN_4643515,UNKNOWN,DIGITAL WALLET,IN-STORE,4.00,4.00,1,MISSING ITEM,2023-10-03
TXN_1057209,UNKNOWN,CREDIT CARD,IN-STORE,5.00,1.00,5,MISSING ITEM,2023-09-17
TXN_3165950,UNKNOWN,DIGITAL WALLET,UNKNOWN,2.00,2.00,1,MISSING ITEM,NULL
TXN_9817681,UNKNOWN,UNKNOWN,TAKEAWAY,6.00,1.50,4,MISSING ITEM,NULL
TXN_9899571,UNKNOWN,CREDIT CARD,TAKEAWAY,10.00,5.00,2,MISSING ITEM,2023-02-18
TXN_8540115,UNKNOWN,UNKNOWN,UNKNOWN,3.00,1.50,2,MISSING ITEM,2023-06-26
TXN_1243964,UNKNOWN,UNKNOWN,TAKEAWAY,4.50,1.50,3,MISSING ITEM,2023-12-01
TXN_5245399,UNKNOWN,UNKNOWN,UNKNOWN,NULL,NULL,5,MISSING PRICE,2023-12-25
TXN_4432823,UNKNOWN,UNKNOWN,IN-STORE,20.00,4.00,5,MISSING ITEM,2023-02-10
TXN_8138157,UNKNOWN,CASH,TAKEAWAY,8.00,4.00,2,MISSING ITEM,2023-05-07
TXN_3404479,UNKNOWN,CREDIT CARD,UNKNOWN,16.00,4.00,4,MISSING ITEM,2023-08-23
TXN_2346001,UNKNOWN,DIGITAL WALLET,TAKEAWAY,10.00,5.00,2,MISSING ITEM,2023-08-21
TXN_8321092,UNKNOWN,CREDIT CARD,UNKNOWN,6.00,3.00,2,MISSING ITEM,2023-09-28
TXN_3330377,UNKNOWN,UNKNOWN,UNKNOWN,10.00,2.00,5,MISSING ITEM,2023-05-08
TXN_6376630,UNKNOWN,CASH,IN-STORE,6.00,3.00,2,MISSING ITEM,2023-01-24
TXN_5182399,UNKNOWN,DIGITAL WALLET,TAKEAWAY,6.00,2.00,3,MISSING ITEM,2023-09-08
TXN_8512466,UNKNOWN,UNKNOWN,UNKNOWN,15.00,3.00,5,MISSING ITEM,2023-02-10
TXN_2944518,UNKNOWN,UNKNOWN,TAKEAWAY,9.00,3.00,3,MISSING ITEM,2023-09-14
TXN_3873718,UNKNOWN,CASH,IN-STORE,5.00,5.00,1,MISSING ITEM,2023-03-07
TXN_5050111,UNKNOWN,CASH,IN-STORE,15.00,5.00,3,MISSING ITEM,2023-06-13
TXN_2540440,UNKNOWN,DIGITAL WALLET,UNKNOWN,3.00,1.50,2,MISSING ITEM,2023-12-30
TXN_9172616,UNKNOWN,UNKNOWN,TAKEAWAY,8.00,2.00,4,MISSING ITEM,2023-11-21
TXN_2406254,UNKNOWN,UNKNOWN,TAKEAWAY,15.00,3.00,5,MISSING ITEM,2023-11-12
TXN_6306655,UNKNOWN,DIGITAL WALLET,TAKEAWAY,4.00,1.00,4,MISSING ITEM,2023-01-22
TXN_3611851,UNKNOWN,CREDIT CARD,UNKNOWN,NULL,NULL,4,MISSING PRICE,2023-02-09
TXN_4283563,UNKNOWN,CASH,UNKNOWN,3.00,1.50,2,MISSING ITEM,2023-05-04
TXN_1923349,UNKNOWN,UNKNOWN,UNKNOWN,NULL,NULL,4,MISSING PRICE,2023-07-06
TXN_2101437,UNKNOWN,CASH,IN-STORE,8.00,4.00,2,MISSING ITEM,2023-08-27
TXN_2879092,UNKNOWN,CASH,UNKNOWN,4.50,1.50,3,MISSING ITEM,2023-05-22
TXN_8504764,UNKNOWN,DIGITAL WALLET,TAKEAWAY,8.00,4.00,2,MISSING ITEM,2023-02-19
TXN_2640727,UNKNOWN,DIGITAL WALLET,TAKEAWAY,9.00,3.00,3,MISSING ITEM,2023-03-05
TXN_5284338,UNKNOWN,CASH,TAKEAWAY,8.00,2.00,4,MISSING ITEM,2023-03-30
TXN_8321225,UNKNOWN,CREDIT CARD,TAKEAWAY,6.00,1.50,4,MISSING ITEM,2023-08-20
TXN_3064922,UNKNOWN,CASH,UNKNOWN,NULL,5.00,NULL,MISSING QUANTITY,2023-11-12
TXN_7952680,UNKNOWN,UNKNOWN,UNKNOWN,5.00,5.00,1,MISSING ITEM,2023-06-09
TXN_1185118,UNKNOWN,UNKNOWN,UNKNOWN,15.00,3.00,5,MISSING ITEM,NULL
TXN_4836614,UNKNOWN,DIGITAL WALLET,UNKNOWN,6.00,1.50,4,MISSING ITEM,2023-04-03
TXN_4917580,UNKNOWN,UNKNOWN,IN-STORE,6.00,2.00,3,MISSING ITEM,2023-03-08
TXN_7416770,UNKNOWN,UNKNOWN,TAKEAWAY,9.00,3.00,3,MISSING ITEM,2023-04-08
TXN_4840295,UNKNOWN,DIGITAL WALLET,TAKEAWAY,16.00,4.00,4,MISSING ITEM,2023-02-02
TXN_1834831,UNKNOWN,DIGITAL WALLET,IN-STORE,25.00,5.00,5,MISSING ITEM,2023-02-16
TXN_3360401,UNKNOWN,UNKNOWN,TAKEAWAY,3.00,1.50,2,MISSING ITEM,2023-02-05
TXN_3328393,UNKNOWN,UNKNOWN,UNKNOWN,9.00,3.00,3,MISSING ITEM,2023-04-16
TXN_9474082,UNKNOWN,DIGITAL WALLET,IN-STORE,15.00,5.00,3,MISSING ITEM,2023-03-22
TXN_2810554,UNKNOWN,CREDIT CARD,TAKEAWAY,3.00,3.00,1,MISSING ITEM,2023-02-18
TXN_1339457,UNKNOWN,DIGITAL WALLET,IN-STORE,12.00,4.00,3,MISSING ITEM,2023-05-23
TXN_2897115,UNKNOWN,DIGITAL WALLET,IN-STORE,6.00,2.00,3,MISSING ITEM,2023-06-23
TXN_5206049,UNKNOWN,DIGITAL WALLET,UNKNOWN,NULL,NULL,3,MISSING PRICE,2023-06-24
TXN_4449173,UNKNOWN,DIGITAL WALLET,TAKEAWAY,NULL,2.00,NULL,MISSING QUANTITY,2023-04-05
TXN_6641409,UNKNOWN,DIGITAL WALLET,UNKNOWN,20.00,4.00,5,MISSING ITEM,2023-11-21
TXN_4671054,UNKNOWN,CASH,UNKNOWN,NULL,5.00,NULL,MISSING QUANTITY,2023-06-20
TXN_7741256,UNKNOWN,DIGITAL WALLET,TAKEAWAY,15.00,3.00,5,MISSING ITEM,2023-04-24
TXN_2621008,UNKNOWN,DIGITAL WALLET,TAKEAWAY,2.00,1.00,2,MISSING ITEM,2023-10-21
TXN_6348290,UNKNOWN,UNKNOWN,IN-STORE,8.00,2.00,4,MISSING ITEM,2023-01-24
TXN_3044825,UNKNOWN,CREDIT CARD,IN-STORE,1.50,1.50,1,MISSING ITEM,2023-08-14
TXN_6365371,UNKNOWN,CREDIT CARD,UNKNOWN,8.00,4.00,2,MISSING ITEM,2023-06-16
TXN_4914535,UNKNOWN,CASH,UNKNOWN,2.00,1.00,2,MISSING ITEM,NULL
TXN_9981953,UNKNOWN,UNKNOWN,UNKNOWN,12.00,4.00,3,MISSING ITEM,2023-02-03
TXN_6755757,UNKNOWN,CREDIT CARD,IN-STORE,16.00,4.00,4,MISSING ITEM,2023-04-05
TXN_2130415,UNKNOWN,DIGITAL WALLET,TAKEAWAY,NULL,2.00,NULL,MISSING QUANTITY,2023-12-08
TXN_9491244,UNKNOWN,UNKNOWN,UNKNOWN,15.00,3.00,5,MISSING ITEM,2023-04-19
TXN_6131415,UNKNOWN,DIGITAL WALLET,UNKNOWN,7.50,1.50,5,MISSING ITEM,2023-11-24
TXN_1718733,UNKNOWN,CASH,UNKNOWN,6.00,2.00,3,MISSING ITEM,2023-05-31
TXN_5406758,UNKNOWN,UNKNOWN,TAKEAWAY,25.00,5.00,5,MISSING ITEM,2023-07-06
TXN_9372046,UNKNOWN,CREDIT CARD,IN-STORE,6.00,2.00,3,MISSING ITEM,2023-04-10
TXN_4959129,UNKNOWN,CREDIT CARD,IN-STORE,6.00,3.00,2,MISSING ITEM,2023-06-24
TXN_7943598,UNKNOWN,CREDIT CARD,UNKNOWN,16.00,4.00,4,MISSING ITEM,NULL
TXN_6211466,UNKNOWN,CASH,IN-STORE,3.00,1.50,2,MISSING ITEM,2023-09-12
TXN_3200203,UNKNOWN,UNKNOWN,UNKNOWN,NULL,NULL,2,MISSING PRICE,2023-12-04
TXN_7903841,UNKNOWN,DIGITAL WALLET,UNKNOWN,6.00,3.00,2,MISSING ITEM,2023-06-24
TXN_1515059,UNKNOWN,UNKNOWN,IN-STORE,12.00,3.00,4,MISSING ITEM,2023-10-25
TXN_1510315,UNKNOWN,CASH,UNKNOWN,6.00,2.00,3,MISSING ITEM,2023-02-28
TXN_9710307,UNKNOWN,UNKNOWN,TAKEAWAY,NULL,1.50,NULL,MISSING QUANTITY,2023-01-24
TXN_5255023,UNKNOWN,CREDIT CARD,IN-STORE,8.00,4.00,2,MISSING ITEM,2023-11-15
TXN_8669012,UNKNOWN,DIGITAL WALLET,UNKNOWN,4.50,1.50,3,MISSING ITEM,2023-07-26
TXN_4099487,UNKNOWN,DIGITAL WALLET,UNKNOWN,20.00,4.00,5,MISSING ITEM,2023-01-25
TXN_7524977,UNKNOWN,UNKNOWN,UNKNOWN,NULL,NULL,4,MISSING PRICE,2023-12-09
TXN_6643951,UNKNOWN,CREDIT CARD,IN-STORE,4.00,4.00,1,MISSING ITEM,2023-01-07
TXN_5818032,UNKNOWN,UNKNOWN,UNKNOWN,1.00,1.00,1,MISSING ITEM,2023-04-19
TXN_5404249,UNKNOWN,UNKNOWN,UNKNOWN,4.00,4.00,1,MISSING ITEM,2023-10-04
TXN_5484423,UNKNOWN,UNKNOWN,UNKNOWN,4.00,2.00,2,MISSING ITEM,2023-08-26
TXN_9181144,UNKNOWN,UNKNOWN,TAKEAWAY,9.00,3.00,3,MISSING ITEM,2023-10-25
TXN_1248167,UNKNOWN,CASH,UNKNOWN,4.00,4.00,1,MISSING ITEM,2023-03-05
TXN_2147453,UNKNOWN,CREDIT CARD,UNKNOWN,4.00,1.00,4,MISSING ITEM,2023-04-27
TXN_9137801,UNKNOWN,CREDIT CARD,IN-STORE,20.00,4.00,5,MISSING ITEM,2023-06-10
TXN_8110646,UNKNOWN,CREDIT CARD,TAKEAWAY,6.00,3.00,2,MISSING ITEM,2023-06-07
TXN_5571026,UNKNOWN,CASH,TAKEAWAY,5.00,5.00,1,MISSING ITEM,2023-09-08
TXN_4011694,UNKNOWN,CREDIT CARD,IN-STORE,2.00,2.00,1,MISSING ITEM,2023-09-02
TXN_9601220,UNKNOWN,DIGITAL WALLET,TAKEAWAY,3.00,1.00,3,MISSING ITEM,2023-04-20
TXN_6928775,UNKNOWN,CASH,IN-STORE,2.00,1.00,2,MISSING ITEM,2023-03-25
TXN_5203710,UNKNOWN,DIGITAL WALLET,UNKNOWN,NULL,5.00,NULL,MISSING QUANTITY,2023-04-22
TXN_3843541,UNKNOWN,CREDIT CARD,IN-STORE,15.00,5.00,3,MISSING ITEM,2023-03-06
TXN_4983903,UNKNOWN,UNKNOWN,UNKNOWN,20.00,4.00,5,MISSING ITEM,2023-09-18
TXN_3879110,UNKNOWN,CREDIT CARD,TAKEAWAY,4.00,1.00,4,MISSING ITEM,2023-03-18
TXN_2690222,UNKNOWN,UNKNOWN,UNKNOWN,12.00,3.00,4,MISSING ITEM,2023-01-01
TXN_2939667,UNKNOWN,UNKNOWN,IN-STORE,3.00,3.00,1,MISSING ITEM,2023-12-21
TXN_7293241,UNKNOWN,DIGITAL WALLET,UNKNOWN,2.00,2.00,1,MISSING ITEM,2023-08-27
TXN_8724474,UNKNOWN,CASH,UNKNOWN,25.00,5.00,5,MISSING ITEM,2023-08-04
TXN_4328090,UNKNOWN,DIGITAL WALLET,IN-STORE,NULL,4.00,NULL,MISSING QUANTITY,2023-04-18
TXN_2614271,UNKNOWN,DIGITAL WALLET,UNKNOWN,8.00,4.00,2,MISSING ITEM,2023-08-03
TXN_4844386,UNKNOWN,CREDIT CARD,IN-STORE,NULL,NULL,5,MISSING PRICE,2023-10-28
TXN_5763520,UNKNOWN,UNKNOWN,UNKNOWN,5.00,5.00,1,MISSING ITEM,2023-01-17
TXN_8266689,UNKNOWN,CASH,IN-STORE,NULL,NULL,5,MISSING PRICE,2023-12-03
TXN_2223047,UNKNOWN,UNKNOWN,TAKEAWAY,4.00,2.00,2,MISSING ITEM,2023-06-14
TXN_3187634,UNKNOWN,DIGITAL WALLET,TAKEAWAY,10.00,2.00,5,MISSING ITEM,2023-09-01
TXN_3485938,UNKNOWN,CASH,TAKEAWAY,20.00,5.00,4,MISSING ITEM,2023-05-28
TXN_6228313,UNKNOWN,UNKNOWN,UNKNOWN,12.00,3.00,4,MISSING ITEM,2023-01-24
TXN_2134660,UNKNOWN,CREDIT CARD,IN-STORE,15.00,3.00,5,MISSING ITEM,2023-11-08
TXN_3177517,UNKNOWN,CREDIT CARD,IN-STORE,1.50,1.50,1,MISSING ITEM,2023-02-22
TXN_5353855,UNKNOWN,CREDIT CARD,TAKEAWAY,12.00,4.00,3,MISSING ITEM,2023-12-24
TXN_7899686,UNKNOWN,DIGITAL WALLET,TAKEAWAY,4.00,4.00,1,MISSING ITEM,2023-09-09
TXN_3995843,UNKNOWN,UNKNOWN,IN-STORE,12.00,4.00,3,MISSING ITEM,2023-12-31
TXN_7323833,UNKNOWN,CREDIT CARD,UNKNOWN,12.00,4.00,3,MISSING ITEM,2023-04-09
TXN_2402637,UNKNOWN,UNKNOWN,TAKEAWAY,8.00,4.00,2,MISSING ITEM,2023-06-18
TXN_7230977,UNKNOWN,UNKNOWN,TAKEAWAY,15.00,3.00,5,MISSING ITEM,2023-08-24
TXN_8715515,UNKNOWN,CREDIT CARD,TAKEAWAY,15.00,3.00,5,MISSING ITEM,2023-07-23
TXN_1135761,UNKNOWN,DIGITAL WALLET,UNKNOWN,9.00,3.00,3,MISSING ITEM,2023-01-30
TXN_1617029,UNKNOWN,CASH,TAKEAWAY,20.00,5.00,4,MISSING ITEM,2023-05-15
TXN_6212975,UNKNOWN,CREDIT CARD,TAKEAWAY,4.00,4.00,1,MISSING ITEM,2023-06-08
TXN_7279066,UNKNOWN,DIGITAL WALLET,TAKEAWAY,15.00,3.00,5,MISSING ITEM,2023-09-09
TXN_8556230,UNKNOWN,CASH,IN-STORE,5.00,1.00,5,MISSING ITEM,2023-05-21
TXN_2797077,UNKNOWN,UNKNOWN,TAKEAWAY,10.00,5.00,2,MISSING ITEM,2023-07-04
TXN_9349052,UNKNOWN,CASH,UNKNOWN,12.00,3.00,4,MISSING ITEM,2023-10-31
TXN_5410349,UNKNOWN,CREDIT CARD,TAKEAWAY,15.00,3.00,5,MISSING ITEM,2023-03-05
TXN_6310726,UNKNOWN,CREDIT CARD,UNKNOWN,3.00,1.00,3,MISSING ITEM,2023-03-30
TXN_4096816,UNKNOWN,DIGITAL WALLET,TAKEAWAY,6.00,2.00,3,MISSING ITEM,2023-11-02
TXN_9702662,UNKNOWN,UNKNOWN,TAKEAWAY,NULL,NULL,4,MISSING PRICE,2023-07-10
TXN_4791105,UNKNOWN,UNKNOWN,TAKEAWAY,12.00,4.00,3,MISSING ITEM,2023-05-18
TXN_6882819,UNKNOWN,CASH,UNKNOWN,3.00,3.00,1,MISSING ITEM,2023-08-21
TXN_1843989,UNKNOWN,UNKNOWN,TAKEAWAY,5.00,1.00,5,MISSING ITEM,2023-07-19
TXN_1589264,UNKNOWN,CASH,UNKNOWN,10.00,5.00,2,MISSING ITEM,2023-07-26
TXN_2515920,UNKNOWN,CASH,IN-STORE,9.00,3.00,3,MISSING ITEM,2023-10-02
TXN_1349215,UNKNOWN,DIGITAL WALLET,UNKNOWN,NULL,4.00,NULL,MISSING QUANTITY,2023-02-06
TXN_4033982,UNKNOWN,CREDIT CARD,TAKEAWAY,3.00,1.50,2,MISSING ITEM,2023-01-04
TXN_1842697,UNKNOWN,UNKNOWN,UNKNOWN,NULL,NULL,5,MISSING PRICE,2023-10-25
TXN_7119228,UNKNOWN,DIGITAL WALLET,UNKNOWN,12.00,3.00,4,MISSING ITEM,2023-10-09
TXN_7251929,UNKNOWN,DIGITAL WALLET,IN-STORE,10.00,5.00,2,MISSING ITEM,2023-01-31
TXN_3509437,UNKNOWN,UNKNOWN,IN-STORE,16.00,4.00,4,MISSING ITEM,2023-12-06
TXN_9546556,UNKNOWN,CASH,IN-STORE,15.00,3.00,5,MISSING ITEM,2023-08-18
TXN_8444245,UNKNOWN,CASH,UNKNOWN,3.00,3.00,1,MISSING ITEM,2023-01-30
TXN_7031347,UNKNOWN,CREDIT CARD,TAKEAWAY,12.00,3.00,4,MISSING ITEM,2023-06-09
TXN_4175122,UNKNOWN,DIGITAL WALLET,IN-STORE,8.00,2.00,4,MISSING ITEM,2023-09-29
TXN_1993002,UNKNOWN,UNKNOWN,TAKEAWAY,12.00,3.00,4,MISSING ITEM,2023-03-30
TXN_7675213,UNKNOWN,DIGITAL WALLET,IN-STORE,NULL,4.00,NULL,MISSING QUANTITY,2023-03-08
TXN_9907306,UNKNOWN,DIGITAL WALLET,TAKEAWAY,3.00,1.00,3,MISSING ITEM,2023-09-06
TXN_1442771,UNKNOWN,UNKNOWN,UNKNOWN,3.00,3.00,1,MISSING ITEM,2023-04-25
TXN_4076631,UNKNOWN,CASH,IN-STORE,12.00,3.00,4,MISSING ITEM,2023-07-21
TXN_7218914,UNKNOWN,DIGITAL WALLET,IN-STORE,5.00,5.00,1,MISSING ITEM,2023-01-11
TXN_1633563,UNKNOWN,DIGITAL WALLET,IN-STORE,16.00,4.00,4,MISSING ITEM,2023-02-05
TXN_2160119,UNKNOWN,CASH,UNKNOWN,20.00,4.00,5,MISSING ITEM,2023-12-27
TXN_3321611,UNKNOWN,UNKNOWN,TAKEAWAY,12.00,4.00,3,MISSING ITEM,2023-09-09
TXN_1931832,UNKNOWN,CREDIT CARD,UNKNOWN,16.00,4.00,4,MISSING ITEM,2023-05-07
TXN_4520062,UNKNOWN,UNKNOWN,IN-STORE,3.00,1.50,2,MISSING ITEM,2023-01-10
TXN_6345691,UNKNOWN,CREDIT CARD,UNKNOWN,20.00,4.00,5,MISSING ITEM,2023-09-03
TXN_6523635,UNKNOWN,UNKNOWN,TAKEAWAY,10.00,5.00,2,MISSING ITEM,2023-04-22
TXN_6862075,UNKNOWN,CREDIT CARD,IN-STORE,9.00,3.00,3,MISSING ITEM,2023-08-13
TXN_2477550,UNKNOWN,CASH,TAKEAWAY,8.00,4.00,2,MISSING ITEM,2023-02-02
TXN_7828462,UNKNOWN,CASH,TAKEAWAY,NULL,1.50,NULL,MISSING QUANTITY,2023-01-11
TXN_7327440,UNKNOWN,CASH,IN-STORE,3.00,1.00,3,MISSING ITEM,2023-05-02
TXN_4081759,UNKNOWN,UNKNOWN,UNKNOWN,NULL,2.00,NULL,MISSING QUANTITY,2023-09-30
TXN_9914084,UNKNOWN,UNKNOWN,TAKEAWAY,2.00,2.00,1,MISSING ITEM,2023-06-16
TXN_1715317,UNKNOWN,DIGITAL WALLET,IN-STORE,15.00,3.00,5,MISSING ITEM,2023-02-10
TXN_7440879,UNKNOWN,UNKNOWN,IN-STORE,3.00,3.00,1,MISSING ITEM,2023-12-30
TXN_4465589,UNKNOWN,CREDIT CARD,UNKNOWN,NULL,1.50,NULL,MISSING QUANTITY,2023-03-26
TXN_2035838,UNKNOWN,DIGITAL WALLET,TAKEAWAY,NULL,3.00,NULL,MISSING QUANTITY,2023-02-01
TXN_9817602,UNKNOWN,CREDIT CARD,TAKEAWAY,8.00,4.00,2,MISSING ITEM,2023-12-26
TXN_5274961,UNKNOWN,CREDIT CARD,IN-STORE,3.00,3.00,1,MISSING ITEM,2023-11-04
TXN_1239876,UNKNOWN,DIGITAL WALLET,IN-STORE,8.00,4.00,2,MISSING ITEM,2023-04-04
TXN_7797231,UNKNOWN,DIGITAL WALLET,UNKNOWN,NULL,NULL,5,MISSING PRICE,2023-05-05
TXN_3951460,UNKNOWN,UNKNOWN,TAKEAWAY,16.00,4.00,4,MISSING ITEM,2023-04-21
TXN_3918515,UNKNOWN,CREDIT CARD,TAKEAWAY,20.00,5.00,4,MISSING ITEM,2023-03-29
TXN_6457997,UNKNOWN,CREDIT CARD,UNKNOWN,NULL,NULL,1,MISSING PRICE,2023-12-12
TXN_2553269,UNKNOWN,DIGITAL WALLET,UNKNOWN,5.00,1.00,5,MISSING ITEM,2023-04-09
TXN_4786680,UNKNOWN,UNKNOWN,IN-STORE,12.00,4.00,3,MISSING ITEM,2023-02-05
TXN_6437181,UNKNOWN,CREDIT CARD,UNKNOWN,12.00,3.00,4,MISSING ITEM,2023-04-10
TXN_2335312,UNKNOWN,DIGITAL WALLET,UNKNOWN,6.00,3.00,2,MISSING ITEM,2023-06-23
TXN_4844022,UNKNOWN,UNKNOWN,TAKEAWAY,1.00,1.00,1,MISSING ITEM,2023-02-26
TXN_1662024,UNKNOWN,UNKNOWN,IN-STORE,4.00,1.00,4,MISSING ITEM,2023-01-16
TXN_2252218,UNKNOWN,CASH,UNKNOWN,20.00,5.00,4,MISSING ITEM,NULL
TXN_3174488,UNKNOWN,CASH,TAKEAWAY,4.00,1.00,4,MISSING ITEM,2023-06-28
TXN_9257475,UNKNOWN,DIGITAL WALLET,UNKNOWN,12.00,3.00,4,MISSING ITEM,2023-07-06
TXN_6388107,UNKNOWN,DIGITAL WALLET,IN-STORE,9.00,3.00,3,MISSING ITEM,2023-12-04
TXN_1914728,UNKNOWN,CASH,IN-STORE,5.00,1.00,5,MISSING ITEM,2023-06-16
TXN_6552269,UNKNOWN,CASH,TAKEAWAY,12.00,3.00,4,MISSING ITEM,2023-04-29
TXN_3747376,UNKNOWN,DIGITAL WALLET,TAKEAWAY,2.00,1.00,2,MISSING ITEM,2023-11-03
TXN_3734446,UNKNOWN,DIGITAL WALLET,UNKNOWN,10.00,2.00,5,MISSING ITEM,2023-04-16
TXN_3599216,UNKNOWN,CASH,IN-STORE,NULL,1.50,NULL,MISSING QUANTITY,2023-09-21
TXN_1672632,UNKNOWN,DIGITAL WALLET,UNKNOWN,15.00,5.00,3,MISSING ITEM,2023-07-04
TXN_1998401,UNKNOWN,CASH,UNKNOWN,4.00,4.00,1,MISSING ITEM,2023-09-17
TXN_9327493,UNKNOWN,UNKNOWN,UNKNOWN,2.00,2.00,1,MISSING ITEM,2023-03-27
TXN_5107006,UNKNOWN,UNKNOWN,UNKNOWN,4.00,1.00,4,MISSING ITEM,2023-04-18
TXN_6851735,UNKNOWN,DIGITAL WALLET,UNKNOWN,1.00,1.00,1,MISSING ITEM,2023-01-17
TXN_6130281,UNKNOWN,CASH,UNKNOWN,8.00,4.00,2,MISSING ITEM,2023-01-18
TXN_1752992,UNKNOWN,UNKNOWN,UNKNOWN,6.00,2.00,3,MISSING ITEM,2023-12-12
TXN_5716276,UNKNOWN,DIGITAL WALLET,UNKNOWN,6.00,1.50,4,MISSING ITEM,2023-09-12
TXN_6480646,UNKNOWN,UNKNOWN,TAKEAWAY,3.00,1.50,2,MISSING ITEM,2023-10-28
TXN_1603051,UNKNOWN,CREDIT CARD,TAKEAWAY,4.00,1.00,4,MISSING ITEM,2023-03-21
TXN_5420062,UNKNOWN,CASH,IN-STORE,20.00,5.00,4,MISSING ITEM,2023-06-06
TXN_1784150,UNKNOWN,UNKNOWN,UNKNOWN,3.00,1.00,3,MISSING ITEM,2023-03-10
TXN_6226704,UNKNOWN,DIGITAL WALLET,IN-STORE,8.00,2.00,4,MISSING ITEM,2023-09-07
TXN_5677927,UNKNOWN,DIGITAL WALLET,UNKNOWN,25.00,5.00,5,MISSING ITEM,2023-12-20
TXN_8721484,UNKNOWN,UNKNOWN,UNKNOWN,8.00,2.00,4,MISSING ITEM,2023-04-03
TXN_9774251,UNKNOWN,DIGITAL WALLET,TAKEAWAY,6.00,3.00,2,MISSING ITEM,2023-06-16
TXN_8325464,UNKNOWN,CREDIT CARD,TAKEAWAY,20.00,4.00,5,MISSING ITEM,2023-08-02
TXN_4577234,UNKNOWN,UNKNOWN,IN-STORE,12.00,3.00,4,MISSING ITEM,2023-06-09
TXN_7587652,UNKNOWN,CASH,UNKNOWN,3.00,3.00,1,MISSING ITEM,2023-08-23
TXN_1118799,UNKNOWN,CREDIT CARD,TAKEAWAY,16.00,4.00,4,MISSING ITEM,2023-09-19
TXN_2687593,UNKNOWN,UNKNOWN,TAKEAWAY,15.00,3.00,5,MISSING ITEM,2023-06-27
TXN_8616276,UNKNOWN,DIGITAL WALLET,TAKEAWAY,NULL,NULL,2,MISSING PRICE,2023-07-22
TXN_9489442,UNKNOWN,CREDIT CARD,TAKEAWAY,6.00,2.00,3,MISSING ITEM,2023-02-06
TXN_8155325,UNKNOWN,DIGITAL WALLET,IN-STORE,10.00,2.00,5,MISSING ITEM,2023-11-27
TXN_1430778,UNKNOWN,CREDIT CARD,TAKEAWAY,1.50,1.50,1,MISSING ITEM,2023-05-26
TXN_8880299,UNKNOWN,UNKNOWN,UNKNOWN,1.50,1.50,1,MISSING ITEM,2023-11-16
TXN_1912525,UNKNOWN,CASH,TAKEAWAY,16.00,4.00,4,MISSING ITEM,2023-11-25
TXN_2379052,UNKNOWN,UNKNOWN,UNKNOWN,5.00,5.00,1,MISSING ITEM,2023-02-16
TXN_7502273,UNKNOWN,UNKNOWN,IN-STORE,10.00,2.00,5,MISSING ITEM,2023-11-14
TXN_7249235,UNKNOWN,CASH,UNKNOWN,12.00,4.00,3,MISSING ITEM,2023-05-27
TXN_3744974,UNKNOWN,UNKNOWN,IN-STORE,3.00,3.00,1,MISSING ITEM,2023-01-09
TXN_4849180,UNKNOWN,CREDIT CARD,IN-STORE,NULL,NULL,5,MISSING PRICE,2023-10-14
TXN_5591048,UNKNOWN,UNKNOWN,IN-STORE,6.00,2.00,3,MISSING ITEM,2023-01-15
TXN_9945729,UNKNOWN,DIGITAL WALLET,UNKNOWN,10.00,5.00,2,MISSING ITEM,2023-02-03
TXN_1769466,UNKNOWN,DIGITAL WALLET,TAKEAWAY,10.00,2.00,5,MISSING ITEM,2023-08-01
TXN_2833327,UNKNOWN,CASH,UNKNOWN,6.00,2.00,3,MISSING ITEM,2023-07-05
TXN_1165762,UNKNOWN,CREDIT CARD,UNKNOWN,6.00,2.00,3,MISSING ITEM,2023-10-22
TXN_7376255,UNKNOWN,UNKNOWN,IN-STORE,NULL,NULL,NULL,MISSING PRICE,2023-05-27
TXN_1984966,UNKNOWN,CREDIT CARD,TAKEAWAY,3.00,1.50,2,MISSING ITEM,2023-03-31
TXN_6269540,UNKNOWN,UNKNOWN,UNKNOWN,NULL,4.00,NULL,MISSING QUANTITY,2023-12-06
TXN_3828620,UNKNOWN,UNKNOWN,IN-STORE,5.00,5.00,1,MISSING ITEM,2023-10-15
TXN_2468359,UNKNOWN,UNKNOWN,UNKNOWN,10.00,5.00,2,MISSING ITEM,2023-07-20
TXN_1902038,UNKNOWN,CREDIT CARD,TAKEAWAY,8.00,2.00,4,MISSING ITEM,2023-04-07
TXN_6327785,UNKNOWN,CREDIT CARD,UNKNOWN,4.50,1.50,3,MISSING ITEM,2023-11-20
TXN_6999471,UNKNOWN,UNKNOWN,UNKNOWN,3.00,3.00,1,MISSING ITEM,2023-08-07
TXN_8515063,UNKNOWN,UNKNOWN,TAKEAWAY,3.00,1.00,3,MISSING ITEM,2023-12-06
TXN_2188137,UNKNOWN,CREDIT CARD,UNKNOWN,1.50,1.50,1,MISSING ITEM,2023-01-15
TXN_3104589,UNKNOWN,CASH,TAKEAWAY,2.00,1.00,2,MISSING ITEM,2023-03-01
TXN_8983868,UNKNOWN,CREDIT CARD,UNKNOWN,10.00,2.00,5,MISSING ITEM,2023-03-10
TXN_3540841,UNKNOWN,CREDIT CARD,IN-STORE,NULL,1.50,NULL,MISSING QUANTITY,2023-03-22
TXN_9673343,UNKNOWN,CASH,IN-STORE,8.00,4.00,2,MISSING ITEM,2023-06-22
TXN_8734331,UNKNOWN,UNKNOWN,UNKNOWN,4.50,1.50,3,MISSING ITEM,2023-05-17
TXN_5093855,UNKNOWN,CASH,TAKEAWAY,NULL,NULL,4,MISSING PRICE,2023-11-23
TXN_5588102,UNKNOWN,CREDIT CARD,IN-STORE,4.00,1.00,4,MISSING ITEM,2023-01-14
TXN_8557847,UNKNOWN,UNKNOWN,TAKEAWAY,16.00,4.00,4,MISSING ITEM,2023-09-02
TXN_3067609,UNKNOWN,CASH,UNKNOWN,20.00,5.00,4,MISSING ITEM,2023-12-25
TXN_6633385,UNKNOWN,CREDIT CARD,TAKEAWAY,6.00,3.00,2,MISSING ITEM,2023-02-12
TXN_7809825,UNKNOWN,CREDIT CARD,UNKNOWN,8.00,4.00,2,MISSING ITEM,2023-08-26
TXN_3931747,UNKNOWN,UNKNOWN,TAKEAWAY,4.00,1.00,4,MISSING ITEM,2023-01-14
TXN_1724815,UNKNOWN,UNKNOWN,IN-STORE,NULL,4.00,NULL,MISSING QUANTITY,2023-08-16
TXN_3776109,UNKNOWN,UNKNOWN,UNKNOWN,5.00,5.00,1,MISSING ITEM,2023-05-20
TXN_8499005,UNKNOWN,UNKNOWN,UNKNOWN,10.00,2.00,5,MISSING ITEM,2023-10-26
TXN_8744240,UNKNOWN,CASH,UNKNOWN,16.00,4.00,4,MISSING ITEM,2023-06-19
TXN_6119612,UNKNOWN,CASH,UNKNOWN,9.00,3.00,3,MISSING ITEM,2023-12-25
TXN_2769769,UNKNOWN,CREDIT CARD,IN-STORE,25.00,5.00,5,MISSING ITEM,2023-04-01
TXN_6264390,UNKNOWN,CASH,UNKNOWN,8.00,4.00,2,MISSING ITEM,2023-06-29
TXN_8680875,UNKNOWN,CASH,TAKEAWAY,3.00,1.50,2,MISSING ITEM,2023-07-21
TXN_6162668,UNKNOWN,DIGITAL WALLET,UNKNOWN,20.00,5.00,4,MISSING ITEM,2023-03-30
TXN_6281959,UNKNOWN,UNKNOWN,IN-STORE,6.00,1.50,4,MISSING ITEM,2023-03-16
TXN_2470532,UNKNOWN,DIGITAL WALLET,IN-STORE,2.00,2.00,1,MISSING ITEM,2023-01-21
TXN_2026084,UNKNOWN,CASH,IN-STORE,4.00,2.00,2,MISSING ITEM,2023-10-20
TXN_5942938,UNKNOWN,CREDIT CARD,UNKNOWN,9.00,3.00,3,MISSING ITEM,2023-05-24
TXN_1840897,UNKNOWN,UNKNOWN,UNKNOWN,NULL,NULL,1,MISSING PRICE,2023-06-03
TXN_7689696,UNKNOWN,DIGITAL WALLET,TAKEAWAY,20.00,4.00,5,MISSING ITEM,2023-07-03
TXN_8615635,UNKNOWN,UNKNOWN,IN-STORE,NULL,1.00,NULL,MISSING QUANTITY,2023-01-12
TXN_6045577,UNKNOWN,CREDIT CARD,UNKNOWN,6.00,2.00,3,MISSING ITEM,2023-07-06
TXN_7887682,UNKNOWN,CREDIT CARD,TAKEAWAY,4.00,2.00,2,MISSING ITEM,2023-06-17
TXN_5037517,UNKNOWN,UNKNOWN,IN-STORE,20.00,4.00,5,MISSING ITEM,2023-06-01
TXN_6805091,UNKNOWN,CASH,UNKNOWN,8.00,4.00,2,MISSING ITEM,2023-12-28
TXN_4753853,UNKNOWN,CREDIT CARD,TAKEAWAY,15.00,3.00,5,MISSING ITEM,2023-05-07
TXN_8611918,UNKNOWN,CASH,TAKEAWAY,15.00,5.00,3,MISSING ITEM,2023-06-27
TXN_7027560,UNKNOWN,UNKNOWN,IN-STORE,7.50,1.50,5,MISSING ITEM,2023-10-05
TXN_9646000,UNKNOWN,UNKNOWN,IN-STORE,NULL,NULL,2,MISSING PRICE,2023-12-14
TXN_2980279,UNKNOWN,DIGITAL WALLET,TAKEAWAY,3.00,3.00,1,MISSING ITEM,2023-04-23
TXN_8549381,UNKNOWN,DIGITAL WALLET,UNKNOWN,20.00,4.00,5,MISSING ITEM,2023-02-06
TXN_7975760,UNKNOWN,DIGITAL WALLET,IN-STORE,9.00,3.00,3,MISSING ITEM,2023-12-02
TXN_4407203,UNKNOWN,CASH,TAKEAWAY,4.00,1.00,4,MISSING ITEM,2023-08-21
TXN_1917388,UNKNOWN,DIGITAL WALLET,UNKNOWN,6.00,3.00,2,MISSING ITEM,2023-04-15
TXN_4829492,UNKNOWN,CREDIT CARD,TAKEAWAY,6.00,3.00,2,MISSING ITEM,2023-01-09
TXN_6017458,UNKNOWN,CREDIT CARD,UNKNOWN,25.00,5.00,5,MISSING ITEM,2023-04-23
TXN_8949453,UNKNOWN,UNKNOWN,TAKEAWAY,20.00,4.00,5,MISSING ITEM,2023-11-13
TXN_7825638,UNKNOWN,UNKNOWN,UNKNOWN,12.00,3.00,4,MISSING ITEM,2023-12-09
TXN_9643918,UNKNOWN,CREDIT CARD,IN-STORE,3.00,1.00,3,MISSING ITEM,2023-07-21
TXN_7876619,UNKNOWN,CASH,IN-STORE,6.00,3.00,2,MISSING ITEM,2023-09-27
TXN_5898238,UNKNOWN,CREDIT CARD,UNKNOWN,NULL,2.00,NULL,MISSING QUANTITY,2023-06-29
TXN_3754190,UNKNOWN,DIGITAL WALLET,IN-STORE,9.00,3.00,3,MISSING ITEM,NULL
TXN_2001807,UNKNOWN,UNKNOWN,IN-STORE,20.00,4.00,5,MISSING ITEM,2023-08-10
TXN_8406851,UNKNOWN,UNKNOWN,IN-STORE,6.00,3.00,2,MISSING ITEM,2023-09-09
TXN_7053280,UNKNOWN,UNKNOWN,IN-STORE,NULL,2.00,NULL,MISSING QUANTITY,2023-05-28
TXN_8090925,UNKNOWN,DIGITAL WALLET,IN-STORE,3.00,1.00,3,MISSING ITEM,2023-07-11
TXN_7379939,UNKNOWN,CASH,UNKNOWN,1.00,1.00,1,MISSING ITEM,2023-04-21
TXN_6843677,UNKNOWN,UNKNOWN,TAKEAWAY,NULL,2.00,NULL,MISSING QUANTITY,2023-09-09
TXN_1769882,UNKNOWN,UNKNOWN,TAKEAWAY,9.00,3.00,3,MISSING ITEM,2023-03-17
TXN_9393467,UNKNOWN,CASH,UNKNOWN,15.00,3.00,5,MISSING ITEM,2023-09-25
TXN_5354721,UNKNOWN,UNKNOWN,TAKEAWAY,15.00,3.00,5,MISSING ITEM,2023-09-07
TXN_4570750,UNKNOWN,CASH,TAKEAWAY,2.00,2.00,1,MISSING ITEM,2023-05-18
TXN_1751183,UNKNOWN,CREDIT CARD,UNKNOWN,20.00,4.00,5,MISSING ITEM,2023-12-25
TXN_1736630,UNKNOWN,CREDIT CARD,UNKNOWN,7.50,1.50,5,MISSING ITEM,2023-07-16
TXN_8120577,UNKNOWN,CASH,IN-STORE,9.00,3.00,3,MISSING ITEM,2023-09-08
TXN_9814511,UNKNOWN,CREDIT CARD,UNKNOWN,3.00,3.00,1,MISSING ITEM,2023-01-05
TXN_2881529,UNKNOWN,UNKNOWN,IN-STORE,3.00,3.00,1,MISSING ITEM,2023-07-04
TXN_8227648,UNKNOWN,UNKNOWN,TAKEAWAY,NULL,1.50,NULL,MISSING QUANTITY,2023-05-31
TXN_5166412,UNKNOWN,UNKNOWN,TAKEAWAY,4.00,1.00,4,MISSING ITEM,2023-06-17
TXN_8383484,UNKNOWN,UNKNOWN,UNKNOWN,6.00,3.00,2,MISSING ITEM,2023-12-20
TXN_1478016,UNKNOWN,UNKNOWN,IN-STORE,4.00,1.00,4,MISSING ITEM,2023-08-04
TXN_4826214,UNKNOWN,DIGITAL WALLET,TAKEAWAY,6.00,2.00,3,MISSING ITEM,2023-11-23
TXN_5665311,UNKNOWN,CREDIT CARD,IN-STORE,2.00,1.00,2,MISSING ITEM,2023-05-17
TXN_7515272,UNKNOWN,UNKNOWN,UNKNOWN,3.00,3.00,1,MISSING ITEM,2023-08-12
TXN_6181456,UNKNOWN,UNKNOWN,TAKEAWAY,1.00,1.00,1,MISSING ITEM,2023-05-08
TXN_9894204,UNKNOWN,CASH,TAKEAWAY,4.00,2.00,2,MISSING ITEM,2023-08-08
TXN_7844352,UNKNOWN,CREDIT CARD,UNKNOWN,NULL,NULL,2,MISSING PRICE,2023-07-26
TXN_7106595,UNKNOWN,CREDIT CARD,TAKEAWAY,NULL,1.50,NULL,MISSING QUANTITY,2023-06-19
TXN_2981117,UNKNOWN,UNKNOWN,IN-STORE,3.00,3.00,1,MISSING ITEM,2023-10-02
TXN_1817076,UNKNOWN,CASH,IN-STORE,9.00,3.00,3,MISSING ITEM,2023-05-31
TXN_2946861,UNKNOWN,UNKNOWN,UNKNOWN,9.00,3.00,3,MISSING ITEM,2023-03-28
TXN_1499208,UNKNOWN,CASH,TAKEAWAY,4.00,4.00,1,MISSING ITEM,2023-11-01
TXN_8837131,UNKNOWN,DIGITAL WALLET,IN-STORE,12.00,4.00,3,MISSING ITEM,2023-12-23
TXN_1472433,UNKNOWN,DIGITAL WALLET,TAKEAWAY,2.00,2.00,1,MISSING ITEM,2023-04-05
TXN_8397209,UNKNOWN,CASH,IN-STORE,4.50,1.50,3,MISSING ITEM,2023-10-12
TXN_9455737,UNKNOWN,UNKNOWN,UNKNOWN,15.00,5.00,3,MISSING ITEM,NULL
TXN_2930963,UNKNOWN,DIGITAL WALLET,IN-STORE,8.00,4.00,2,MISSING ITEM,2023-02-09
TXN_7997252,UNKNOWN,CREDIT CARD,UNKNOWN,9.00,3.00,3,MISSING ITEM,2023-05-28
TXN_1124796,UNKNOWN,CREDIT CARD,UNKNOWN,7.50,1.50,5,MISSING ITEM,2023-10-28
TXN_1785644,UNKNOWN,UNKNOWN,UNKNOWN,7.50,1.50,5,MISSING ITEM,2023-08-13
TXN_5067216,UNKNOWN,UNKNOWN,TAKEAWAY,20.00,5.00,4,MISSING ITEM,2023-07-24
TXN_3105263,UNKNOWN,CREDIT CARD,TAKEAWAY,16.00,4.00,4,MISSING ITEM,2023-11-25
TXN_8714536,UNKNOWN,DIGITAL WALLET,TAKEAWAY,16.00,4.00,4,MISSING ITEM,2023-05-06
TXN_3282601,UNKNOWN,DIGITAL WALLET,IN-STORE,6.00,3.00,2,MISSING ITEM,2023-02-03
TXN_4569599,UNKNOWN,CASH,UNKNOWN,3.00,1.50,2,MISSING ITEM,2023-02-07
TXN_5926025,UNKNOWN,DIGITAL WALLET,UNKNOWN,8.00,4.00,2,MISSING ITEM,2023-07-29
TXN_5350200,UNKNOWN,CASH,IN-STORE,4.00,4.00,1,MISSING ITEM,2023-12-02
TXN_9059245,UNKNOWN,CASH,UNKNOWN,4.00,4.00,1,MISSING ITEM,2023-07-11
TXN_1548245,UNKNOWN,CREDIT CARD,UNKNOWN,16.00,4.00,4,MISSING ITEM,2023-03-15
TXN_6948649,UNKNOWN,CASH,IN-STORE,7.50,1.50,5,MISSING ITEM,2023-11-27
TXN_7897423,UNKNOWN,UNKNOWN,UNKNOWN,20.00,5.00,4,MISSING ITEM,2023-05-24
TXN_9843421,UNKNOWN,UNKNOWN,IN-STORE,9.00,3.00,3,MISSING ITEM,2023-09-06
TXN_8014766,UNKNOWN,UNKNOWN,UNKNOWN,4.00,4.00,1,MISSING ITEM,2023-10-05
TXN_2044945,UNKNOWN,CASH,UNKNOWN,3.00,1.50,2,MISSING ITEM,2023-10-18
TXN_6327139,UNKNOWN,UNKNOWN,TAKEAWAY,16.00,4.00,4,MISSING ITEM,NULL
TXN_7398884,UNKNOWN,UNKNOWN,TAKEAWAY,12.00,4.00,3,MISSING ITEM,2023-12-24
TXN_3716685,UNKNOWN,DIGITAL WALLET,TAKEAWAY,20.00,4.00,5,MISSING ITEM,NULL
TXN_5026431,UNKNOWN,CASH,UNKNOWN,20.00,4.00,5,MISSING ITEM,2023-12-05
TXN_8099340,UNKNOWN,UNKNOWN,IN-STORE,6.00,1.50,4,MISSING ITEM,2023-04-23
TXN_7377496,UNKNOWN,CREDIT CARD,TAKEAWAY,3.00,3.00,1,MISSING ITEM,2023-02-28
TXN_8798330,UNKNOWN,UNKNOWN,IN-STORE,2.00,2.00,1,MISSING ITEM,2023-02-16
TXN_3324387,UNKNOWN,CREDIT CARD,UNKNOWN,4.00,4.00,1,MISSING ITEM,2023-12-13
TXN_5426236,UNKNOWN,CASH,TAKEAWAY,12.00,4.00,3,MISSING ITEM,2023-08-31
TXN_6036254,UNKNOWN,CREDIT CARD,UNKNOWN,6.00,2.00,3,MISSING ITEM,2023-09-20
TXN_7765640,UNKNOWN,CREDIT CARD,UNKNOWN,NULL,2.00,NULL,MISSING QUANTITY,2023-07-07
TXN_5412418,UNKNOWN,CASH,UNKNOWN,9.00,3.00,3,MISSING ITEM,2023-09-23
TXN_8214944,UNKNOWN,CREDIT CARD,IN-STORE,4.50,1.50,3,MISSING ITEM,2023-11-18
TXN_1637334,UNKNOWN,CREDIT CARD,IN-STORE,3.00,1.50,2,MISSING ITEM,2023-08-09
TXN_9514452,UNKNOWN,CREDIT CARD,TAKEAWAY,NULL,NULL,5,MISSING PRICE,2023-07-29
TXN_7302991,UNKNOWN,DIGITAL WALLET,TAKEAWAY,16.00,4.00,4,MISSING ITEM,2023-04-05
TXN_5295223,UNKNOWN,CASH,IN-STORE,25.00,5.00,5,MISSING ITEM,2023-03-23
TXN_6034709,UNKNOWN,CREDIT CARD,UNKNOWN,4.00,2.00,2,MISSING ITEM,2023-06-16
TXN_9477344,UNKNOWN,CREDIT CARD,IN-STORE,2.00,1.00,2,MISSING ITEM,2023-09-30
TXN_1188551,UNKNOWN,UNKNOWN,UNKNOWN,4.00,2.00,2,MISSING ITEM,2023-03-20
TXN_7051683,UNKNOWN,DIGITAL WALLET,IN-STORE,9.00,3.00,3,MISSING ITEM,2023-11-16
TXN_9081409,UNKNOWN,CREDIT CARD,IN-STORE,3.00,3.00,1,MISSING ITEM,2023-06-16
TXN_8972137,UNKNOWN,CREDIT CARD,IN-STORE,12.00,3.00,4,MISSING ITEM,2023-05-15
TXN_1643447,UNKNOWN,UNKNOWN,UNKNOWN,3.00,3.00,1,MISSING ITEM,2023-09-03
TXN_9365447,UNKNOWN,CASH,UNKNOWN,3.00,1.50,2,MISSING ITEM,2023-12-10
TXN_7677817,UNKNOWN,CREDIT CARD,UNKNOWN,NULL,2.00,NULL,MISSING QUANTITY,2023-01-17
TXN_4382956,UNKNOWN,CREDIT CARD,UNKNOWN,6.00,1.50,4,MISSING ITEM,2023-11-16
TXN_1298084,UNKNOWN,CREDIT CARD,TAKEAWAY,3.00,1.50,2,MISSING ITEM,2023-01-02
TXN_4403699,UNKNOWN,CREDIT CARD,UNKNOWN,1.00,1.00,1,MISSING ITEM,2023-08-19
TXN_4325098,UNKNOWN,UNKNOWN,TAKEAWAY,15.00,3.00,5,MISSING ITEM,NULL
TXN_3575713,UNKNOWN,CASH,TAKEAWAY,NULL,1.50,NULL,MISSING QUANTITY,2023-02-18
TXN_8356048,UNKNOWN,CASH,TAKEAWAY,20.00,4.00,5,MISSING ITEM,2023-06-05
TXN_3010103,UNKNOWN,UNKNOWN,UNKNOWN,20.00,4.00,5,MISSING ITEM,2023-02-14
TXN_3474333,UNKNOWN,CREDIT CARD,TAKEAWAY,9.00,3.00,3,MISSING ITEM,2023-01-13
TXN_3401287,UNKNOWN,CASH,UNKNOWN,12.00,4.00,3,MISSING ITEM,2023-02-12
TXN_2175096,UNKNOWN,UNKNOWN,IN-STORE,1.50,1.50,1,MISSING ITEM,2023-02-25
TXN_8516055,UNKNOWN,CREDIT CARD,TAKEAWAY,20.00,4.00,5,MISSING ITEM,2023-04-17
TXN_8712303,UNKNOWN,CREDIT CARD,TAKEAWAY,6.00,3.00,2,MISSING ITEM,2023-08-14
TXN_8220657,UNKNOWN,CASH,UNKNOWN,3.00,1.50,2,MISSING ITEM,2023-08-13
TXN_7704680,UNKNOWN,CREDIT CARD,UNKNOWN,10.00,5.00,2,MISSING ITEM,2023-08-06
TXN_8119542,UNKNOWN,DIGITAL WALLET,UNKNOWN,2.00,1.00,2,MISSING ITEM,2023-12-12
TXN_7349134,UNKNOWN,CREDIT CARD,IN-STORE,4.00,4.00,1,MISSING ITEM,2023-05-28
TXN_2350703,UNKNOWN,CASH,IN-STORE,12.00,3.00,4,MISSING ITEM,2023-08-20
TXN_3840523,UNKNOWN,CREDIT CARD,UNKNOWN,8.00,4.00,2,MISSING ITEM,2023-12-27
TXN_8739878,UNKNOWN,UNKNOWN,UNKNOWN,3.00,3.00,1,MISSING ITEM,2023-09-27
TXN_5386352,UNKNOWN,CREDIT CARD,UNKNOWN,4.00,4.00,1,MISSING ITEM,2023-01-18
TXN_8321887,UNKNOWN,UNKNOWN,UNKNOWN,5.00,1.00,5,MISSING ITEM,2023-03-21
TXN_6609572,UNKNOWN,CASH,IN-STORE,16.00,4.00,4,MISSING ITEM,2023-06-15
TXN_7799794,UNKNOWN,DIGITAL WALLET,IN-STORE,4.00,1.00,4,MISSING ITEM,2023-08-22
TXN_9904042,UNKNOWN,CREDIT CARD,UNKNOWN,16.00,4.00,4,MISSING ITEM,2023-06-09
TXN_1510406,UNKNOWN,UNKNOWN,IN-STORE,15.00,5.00,3,MISSING ITEM,2023-01-12
TXN_5611239,UNKNOWN,CASH,TAKEAWAY,4.00,1.00,4,MISSING ITEM,2023-11-18
TXN_9348280,UNKNOWN,CREDIT CARD,IN-STORE,8.00,4.00,2,MISSING ITEM,2023-03-28
TXN_6154823,UNKNOWN,DIGITAL WALLET,TAKEAWAY,20.00,4.00,5,MISSING ITEM,2023-11-16
TXN_4019047,UNKNOWN,UNKNOWN,UNKNOWN,4.00,2.00,2,MISSING ITEM,2023-09-14
TXN_2435218,UNKNOWN,UNKNOWN,IN-STORE,NULL,2.00,NULL,MISSING QUANTITY,2023-05-02
TXN_3766378,UNKNOWN,CASH,TAKEAWAY,3.00,3.00,1,MISSING ITEM,2023-08-18
TXN_2102561,UNKNOWN,UNKNOWN,IN-STORE,2.00,1.00,2,MISSING ITEM,2023-04-05
TXN_1267753,UNKNOWN,CREDIT CARD,UNKNOWN,4.50,1.50,3,MISSING ITEM,2023-06-28
TXN_9287659,UNKNOWN,UNKNOWN,IN-STORE,3.00,3.00,1,MISSING ITEM,2023-05-13
TXN_8352748,UNKNOWN,CASH,IN-STORE,20.00,4.00,5,MISSING ITEM,2023-05-01
TXN_3136701,UNKNOWN,UNKNOWN,IN-STORE,8.00,4.00,2,MISSING ITEM,2023-12-18
TXN_1205610,UNKNOWN,UNKNOWN,IN-STORE,2.00,1.00,2,MISSING ITEM,2023-07-19
TXN_3157867,UNKNOWN,UNKNOWN,TAKEAWAY,10.00,5.00,2,MISSING ITEM,2023-11-02
TXN_1868529,UNKNOWN,CREDIT CARD,UNKNOWN,5.00,5.00,1,MISSING ITEM,2023-01-25
TXN_5348750,UNKNOWN,CREDIT CARD,UNKNOWN,25.00,5.00,5,MISSING ITEM,2023-07-15
TXN_7263939,UNKNOWN,UNKNOWN,UNKNOWN,NULL,4.00,NULL,MISSING QUANTITY,2023-08-08
TXN_6476204,UNKNOWN,UNKNOWN,TAKEAWAY,20.00,4.00,5,MISSING ITEM,2023-12-22
TXN_5893283,UNKNOWN,CASH,IN-STORE,9.00,3.00,3,MISSING ITEM,2023-08-15
TXN_2086896,UNKNOWN,CASH,TAKEAWAY,12.00,3.00,4,MISSING ITEM,2023-11-25
TXN_7954064,UNKNOWN,CREDIT CARD,IN-STORE,15.00,3.00,5,MISSING ITEM,2023-08-31
TXN_9564495,UNKNOWN,DIGITAL WALLET,UNKNOWN,12.00,3.00,4,MISSING ITEM,2023-08-01
TXN_5261036,UNKNOWN,CASH,UNKNOWN,15.00,3.00,5,MISSING ITEM,2023-10-03
TXN_5651620,UNKNOWN,UNKNOWN,UNKNOWN,8.00,4.00,2,MISSING ITEM,2023-05-16
TXN_2798069,UNKNOWN,DIGITAL WALLET,UNKNOWN,7.50,1.50,5,MISSING ITEM,2023-09-02
TXN_6184247,UNKNOWN,UNKNOWN,UNKNOWN,3.00,3.00,1,MISSING ITEM,NULL
TXN_5492825,UNKNOWN,UNKNOWN,IN-STORE,10.00,5.00,2,MISSING ITEM,2023-02-25
TXN_2083119,UNKNOWN,UNKNOWN,IN-STORE,2.00,1.00,2,MISSING ITEM,2023-06-11
TXN_7020104,UNKNOWN,DIGITAL WALLET,UNKNOWN,7.50,1.50,5,MISSING ITEM,2023-01-23
TXN_1277813,UNKNOWN,DIGITAL WALLET,UNKNOWN,15.00,3.00,5,MISSING ITEM,2023-09-11
TXN_6344738,UNKNOWN,CREDIT CARD,TAKEAWAY,20.00,5.00,4,MISSING ITEM,NULL
TXN_9618962,UNKNOWN,CREDIT CARD,TAKEAWAY,NULL,NULL,3,MISSING PRICE,2023-11-08
TXN_5949517,UNKNOWN,DIGITAL WALLET,IN-STORE,20.00,4.00,5,MISSING ITEM,2023-12-31
TXN_6183513,UNKNOWN,DIGITAL WALLET,UNKNOWN,9.00,3.00,3,MISSING ITEM,2023-12-22
TXN_8494571,UNKNOWN,UNKNOWN,UNKNOWN,5.00,1.00,5,MISSING ITEM,2023-02-06
TXN_2035137,UNKNOWN,DIGITAL WALLET,TAKEAWAY,3.00,1.50,2,MISSING ITEM,2023-03-12
TXN_7603919,UNKNOWN,UNKNOWN,UNKNOWN,2.00,1.00,2,MISSING ITEM,2023-09-25
TXN_3442435,UNKNOWN,DIGITAL WALLET,IN-STORE,NULL,4.00,NULL,MISSING QUANTITY,2023-04-01
TXN_1616810,UNKNOWN,UNKNOWN,IN-STORE,2.00,1.00,2,MISSING ITEM,2023-09-05
TXN_6890737,UNKNOWN,UNKNOWN,UNKNOWN,16.00,4.00,4,MISSING ITEM,2023-05-22
TXN_4084177,UNKNOWN,CREDIT CARD,IN-STORE,3.00,1.00,3,MISSING ITEM,2023-08-13
TXN_5029643,UNKNOWN,DIGITAL WALLET,IN-STORE,3.00,1.50,2,MISSING ITEM,2023-12-23
TXN_4644790,UNKNOWN,CREDIT CARD,UNKNOWN,4.00,4.00,1,MISSING ITEM,2023-09-19
TXN_2913107,UNKNOWN,UNKNOWN,IN-STORE,NULL,NULL,4,MISSING PRICE,2023-05-20
TXN_3352028,UNKNOWN,CREDIT CARD,IN-STORE,4.00,1.00,4,MISSING ITEM,2023-08-26
TXN_7608637,UNKNOWN,DIGITAL WALLET,UNKNOWN,5.00,5.00,1,MISSING ITEM,2023-04-08
TXN_8258400,UNKNOWN,UNKNOWN,UNKNOWN,25.00,5.00,5,MISSING ITEM,2023-10-09
TXN_9253541,UNKNOWN,DIGITAL WALLET,UNKNOWN,1.50,1.50,1,MISSING ITEM,2023-06-04
TXN_4449992,UNKNOWN,DIGITAL WALLET,UNKNOWN,3.00,1.00,3,MISSING ITEM,2023-01-09
TXN_9490465,UNKNOWN,UNKNOWN,UNKNOWN,12.00,4.00,3,MISSING ITEM,2023-05-06
TXN_2510233,UNKNOWN,CREDIT CARD,IN-STORE,8.00,4.00,2,MISSING ITEM,2023-11-04
TXN_1489200,UNKNOWN,UNKNOWN,UNKNOWN,3.00,3.00,1,MISSING ITEM,2023-03-27
TXN_3435561,UNKNOWN,UNKNOWN,TAKEAWAY,6.00,3.00,2,MISSING ITEM,NULL
TXN_8079747,UNKNOWN,DIGITAL WALLET,UNKNOWN,10.00,5.00,2,MISSING ITEM,2023-03-18
TXN_5900899,UNKNOWN,UNKNOWN,TAKEAWAY,4.00,1.00,4,MISSING ITEM,NULL
TXN_3215610,UNKNOWN,DIGITAL WALLET,TAKEAWAY,6.00,3.00,2,MISSING ITEM,2023-06-14
TXN_3444569,UNKNOWN,CREDIT CARD,TAKEAWAY,4.00,4.00,1,MISSING ITEM,2023-10-07
TXN_2672126,UNKNOWN,CASH,UNKNOWN,3.00,1.00,3,MISSING ITEM,2023-07-07
TXN_3232279,UNKNOWN,UNKNOWN,TAKEAWAY,NULL,NULL,4,MISSING PRICE,2023-05-30
TXN_9537106,UNKNOWN,UNKNOWN,UNKNOWN,NULL,4.00,NULL,MISSING QUANTITY,2023-10-11
TXN_3632068,UNKNOWN,CASH,UNKNOWN,6.00,3.00,2,MISSING ITEM,2023-08-29
TXN_5970304,UNKNOWN,CREDIT CARD,UNKNOWN,20.00,5.00,4,MISSING ITEM,2023-07-14
TXN_3785168,UNKNOWN,UNKNOWN,TAKEAWAY,9.00,3.00,3,MISSING ITEM,2023-05-01
TXN_5280256,UNKNOWN,UNKNOWN,IN-STORE,5.00,1.00,5,MISSING ITEM,2023-07-12
TXN_3273540,UNKNOWN,CREDIT CARD,UNKNOWN,3.00,3.00,1,MISSING ITEM,2023-08-21
TXN_4570881,UNKNOWN,UNKNOWN,UNKNOWN,2.00,2.00,1,MISSING ITEM,2023-09-14
TXN_3421404,UNKNOWN,CREDIT CARD,UNKNOWN,16.00,4.00,4,MISSING ITEM,2023-05-05
TXN_8468509,UNKNOWN,CREDIT CARD,UNKNOWN,NULL,4.00,NULL,MISSING QUANTITY,2023-06-13
TXN_8675922,UNKNOWN,UNKNOWN,UNKNOWN,20.00,5.00,4,MISSING ITEM,2023-03-31
TXN_6884558,UNKNOWN,CASH,IN-STORE,3.00,3.00,1,MISSING ITEM,2023-08-14
TXN_1405124,UNKNOWN,DIGITAL WALLET,TAKEAWAY,12.00,4.00,3,MISSING ITEM,2023-08-03
TXN_1767201,UNKNOWN,CREDIT CARD,UNKNOWN,25.00,5.00,5,MISSING ITEM,2023-07-12
TXN_4208919,UNKNOWN,UNKNOWN,TAKEAWAY,NULL,NULL,3,MISSING PRICE,2023-05-30
TXN_7243779,UNKNOWN,UNKNOWN,IN-STORE,1.00,1.00,1,MISSING ITEM,NULL
TXN_3577482,UNKNOWN,DIGITAL WALLET,UNKNOWN,12.00,3.00,4,MISSING ITEM,2023-06-01
TXN_7895514,UNKNOWN,DIGITAL WALLET,TAKEAWAY,12.00,3.00,4,MISSING ITEM,2023-08-06
TXN_2176821,UNKNOWN,DIGITAL WALLET,UNKNOWN,15.00,5.00,3,MISSING ITEM,2023-05-05
TXN_6027923,UNKNOWN,DIGITAL WALLET,TAKEAWAY,5.00,5.00,1,MISSING ITEM,2023-07-23
TXN_7899009,UNKNOWN,CASH,UNKNOWN,2.00,2.00,1,MISSING ITEM,2023-03-08
TXN_4271502,UNKNOWN,UNKNOWN,UNKNOWN,6.00,3.00,2,MISSING ITEM,2023-07-03
TXN_6070523,UNKNOWN,CASH,UNKNOWN,8.00,2.00,4,MISSING ITEM,NULL
TXN_7375024,UNKNOWN,CASH,IN-STORE,1.00,1.00,1,MISSING ITEM,2023-12-10
TXN_2536573,UNKNOWN,CASH,IN-STORE,NULL,NULL,2,MISSING PRICE,2023-06-24
TXN_3374262,UNKNOWN,UNKNOWN,IN-STORE,3.00,1.50,2,MISSING ITEM,2023-04-14
TXN_7893709,UNKNOWN,CREDIT CARD,UNKNOWN,12.00,3.00,4,MISSING ITEM,2023-03-14
TXN_7502558,UNKNOWN,UNKNOWN,IN-STORE,15.00,3.00,5,MISSING ITEM,2023-02-23
TXN_2000331,UNKNOWN,UNKNOWN,TAKEAWAY,12.00,4.00,3,MISSING ITEM,2023-03-30
TXN_5200292,UNKNOWN,CASH,UNKNOWN,20.00,5.00,4,MISSING ITEM,2023-01-12
TXN_1941099,UNKNOWN,CASH,UNKNOWN,5.00,1.00,5,MISSING ITEM,2023-04-14
TXN_3295578,UNKNOWN,UNKNOWN,IN-STORE,3.00,3.00,1,MISSING ITEM,2023-05-04
TXN_4166020,UNKNOWN,DIGITAL WALLET,IN-STORE,12.00,3.00,4,MISSING ITEM,2023-08-18
TXN_9496018,UNKNOWN,UNKNOWN,TAKEAWAY,7.50,1.50,5,MISSING ITEM,2023-01-05
TXN_5609139,UNKNOWN,DIGITAL WALLET,UNKNOWN,3.00,1.50,2,MISSING ITEM,2023-10-13
TXN_2049313,UNKNOWN,CREDIT CARD,UNKNOWN,6.00,1.50,4,MISSING ITEM,2023-12-25
TXN_7626322,UNKNOWN,CASH,TAKEAWAY,12.00,3.00,4,MISSING ITEM,2023-12-21
TXN_2927941,UNKNOWN,CREDIT CARD,TAKEAWAY,16.00,4.00,4,MISSING ITEM,2023-08-29
TXN_5972836,UNKNOWN,CASH,TAKEAWAY,12.00,4.00,3,MISSING ITEM,2023-02-14
TXN_2073647,UNKNOWN,UNKNOWN,IN-STORE,12.00,4.00,3,MISSING ITEM,2023-09-01
TXN_3016203,UNKNOWN,CASH,IN-STORE,5.00,5.00,1,MISSING ITEM,2023-06-16
TXN_5635779,UNKNOWN,CASH,IN-STORE,15.00,3.00,5,MISSING ITEM,2023-07-01
TXN_4877601,UNKNOWN,UNKNOWN,UNKNOWN,2.00,1.00,2,MISSING ITEM,2023-07-14
TXN_9409405,UNKNOWN,DIGITAL WALLET,IN-STORE,6.00,2.00,3,MISSING ITEM,2023-02-11
TXN_4055876,UNKNOWN,CREDIT CARD,IN-STORE,15.00,5.00,3,MISSING ITEM,2023-10-15
TXN_6660602,UNKNOWN,UNKNOWN,TAKEAWAY,20.00,5.00,4,MISSING ITEM,2023-05-20
TXN_7049149,UNKNOWN,UNKNOWN,UNKNOWN,16.00,4.00,4,MISSING ITEM,2023-08-27
TXN_5853158,UNKNOWN,CASH,TAKEAWAY,NULL,4.00,NULL,MISSING QUANTITY,2023-09-25
TXN_2887528,UNKNOWN,UNKNOWN,UNKNOWN,6.00,3.00,2,MISSING ITEM,2023-04-23
TXN_7082667,UNKNOWN,CASH,IN-STORE,20.00,5.00,4,MISSING ITEM,2023-08-03
TXN_8811945,UNKNOWN,UNKNOWN,UNKNOWN,5.00,5.00,1,MISSING ITEM,2023-02-18
TXN_8659575,UNKNOWN,DIGITAL WALLET,UNKNOWN,3.00,1.50,2,MISSING ITEM,2023-12-17
TXN_6830192,UNKNOWN,DIGITAL WALLET,UNKNOWN,9.00,3.00,3,MISSING ITEM,2023-08-02
TXN_5999810,UNKNOWN,CREDIT CARD,TAKEAWAY,16.00,4.00,4,MISSING ITEM,2023-06-19
TXN_3630892,UNKNOWN,UNKNOWN,TAKEAWAY,4.00,1.00,4,MISSING ITEM,2023-01-31
TXN_7436097,UNKNOWN,UNKNOWN,UNKNOWN,10.00,2.00,5,MISSING ITEM,2023-10-25
TXN_4307602,UNKNOWN,CASH,IN-STORE,4.00,1.00,4,MISSING ITEM,2023-12-30
TXN_4209626,UNKNOWN,CREDIT CARD,UNKNOWN,20.00,4.00,5,MISSING ITEM,2023-07-04
TXN_8639995,UNKNOWN,CASH,UNKNOWN,12.00,4.00,3,MISSING ITEM,2023-04-18
TXN_2634805,UNKNOWN,DIGITAL WALLET,TAKEAWAY,4.00,1.00,4,MISSING ITEM,2023-06-25
TXN_7521634,UNKNOWN,UNKNOWN,TAKEAWAY,3.00,1.00,3,MISSING ITEM,2023-01-22
TXN_6748232,UNKNOWN,CREDIT CARD,IN-STORE,8.00,4.00,2,MISSING ITEM,NULL
TXN_5100579,UNKNOWN,CASH,TAKEAWAY,2.00,1.00,2,MISSING ITEM,2023-10-08
TXN_2834323,UNKNOWN,DIGITAL WALLET,TAKEAWAY,1.50,1.50,1,MISSING ITEM,2023-05-13
TXN_9626920,UNKNOWN,UNKNOWN,IN-STORE,3.00,1.50,2,MISSING ITEM,2023-12-16
TXN_7213830,UNKNOWN,CREDIT CARD,UNKNOWN,15.00,3.00,5,MISSING ITEM,2023-08-04
TXN_7928378,UNKNOWN,CASH,UNKNOWN,NULL,NULL,3,MISSING PRICE,2023-07-04
TXN_4152262,UNKNOWN,DIGITAL WALLET,IN-STORE,10.00,5.00,2,MISSING ITEM,2023-06-19
TXN_7046631,UNKNOWN,DIGITAL WALLET,IN-STORE,8.00,2.00,4,MISSING ITEM,2023-05-18
TXN_8329144,UNKNOWN,DIGITAL WALLET,IN-STORE,8.00,4.00,2,MISSING ITEM,2023-03-04
TXN_1309055,UNKNOWN,CREDIT CARD,TAKEAWAY,4.00,2.00,2,MISSING ITEM,2023-11-09
TXN_2250398,UNKNOWN,DIGITAL WALLET,UNKNOWN,9.00,3.00,3,MISSING ITEM,2023-05-31
TXN_3240077,UNKNOWN,CASH,UNKNOWN,16.00,4.00,4,MISSING ITEM,2023-12-14
TXN_2194660,UNKNOWN,UNKNOWN,UNKNOWN,5.00,5.00,1,MISSING ITEM,NULL
TXN_3739424,UNKNOWN,CREDIT CARD,UNKNOWN,3.00,3.00,1,MISSING ITEM,2023-06-03
TXN_9248370,UNKNOWN,CREDIT CARD,IN-STORE,2.00,1.00,2,MISSING ITEM,2023-02-17
TXN_9761314,UNKNOWN,CREDIT CARD,UNKNOWN,16.00,4.00,4,MISSING ITEM,2023-12-14
TXN_1559521,UNKNOWN,UNKNOWN,IN-STORE,10.00,2.00,5,MISSING ITEM,2023-07-05
TXN_3447594,UNKNOWN,DIGITAL WALLET,IN-STORE,5.00,5.00,1,MISSING ITEM,2023-02-24
TXN_6034596,UNKNOWN,UNKNOWN,TAKEAWAY,5.00,5.00,1,MISSING ITEM,2023-04-07
TXN_1466002,UNKNOWN,UNKNOWN,UNKNOWN,9.00,3.00,3,MISSING ITEM,2023-11-23
TXN_2457189,UNKNOWN,DIGITAL WALLET,TAKEAWAY,12.00,4.00,3,MISSING ITEM,2023-08-28
TXN_4558455,UNKNOWN,CREDIT CARD,IN-STORE,15.00,5.00,3,MISSING ITEM,NULL
TXN_5406411,UNKNOWN,CREDIT CARD,IN-STORE,20.00,4.00,5,MISSING ITEM,2023-04-14
TXN_5209716,UNKNOWN,CASH,UNKNOWN,NULL,1.00,NULL,MISSING QUANTITY,2023-10-06
TXN_3402368,UNKNOWN,UNKNOWN,IN-STORE,3.00,1.50,2,MISSING ITEM,2023-02-01
TXN_1704642,UNKNOWN,DIGITAL WALLET,IN-STORE,15.00,3.00,5,MISSING ITEM,NULL
TXN_8588174,UNKNOWN,UNKNOWN,IN-STORE,15.00,5.00,3,MISSING ITEM,2023-02-07
TXN_1873852,UNKNOWN,DIGITAL WALLET,TAKEAWAY,9.00,3.00,3,MISSING ITEM,2023-07-07
TXN_6125085,UNKNOWN,UNKNOWN,TAKEAWAY,9.00,3.00,3,MISSING ITEM,2023-05-24
TXN_4779439,UNKNOWN,UNKNOWN,IN-STORE,12.00,3.00,4,MISSING ITEM,2023-08-23
TXN_1789504,UNKNOWN,CREDIT CARD,UNKNOWN,5.00,5.00,1,MISSING ITEM,2023-06-12
TXN_5208377,UNKNOWN,UNKNOWN,TAKEAWAY,3.00,1.50,2,MISSING ITEM,2023-03-06
TXN_1322520,UNKNOWN,CASH,UNKNOWN,25.00,5.00,5,MISSING ITEM,2023-07-12
TXN_3699636,UNKNOWN,DIGITAL WALLET,UNKNOWN,15.00,5.00,3,MISSING ITEM,2023-01-12
TXN_8719561,UNKNOWN,UNKNOWN,UNKNOWN,9.00,3.00,3,MISSING ITEM,2023-09-13
TXN_7396497,UNKNOWN,CREDIT CARD,IN-STORE,20.00,4.00,5,MISSING ITEM,2023-02-10
TXN_6378070,UNKNOWN,DIGITAL WALLET,UNKNOWN,12.00,4.00,3,MISSING ITEM,2023-09-26
TXN_2889185,UNKNOWN,UNKNOWN,UNKNOWN,8.00,4.00,2,MISSING ITEM,2023-10-21
TXN_2110490,UNKNOWN,CASH,IN-STORE,5.00,5.00,1,MISSING ITEM,2023-08-29
TXN_4914203,UNKNOWN,CREDIT CARD,UNKNOWN,2.00,2.00,1,MISSING ITEM,2023-12-02
TXN_8639879,UNKNOWN,UNKNOWN,TAKEAWAY,10.00,5.00,2,MISSING ITEM,2023-03-09
TXN_8901988,UNKNOWN,DIGITAL WALLET,IN-STORE,7.50,1.50,5,MISSING ITEM,2023-01-21
TXN_8014973,UNKNOWN,UNKNOWN,IN-STORE,15.00,5.00,3,MISSING ITEM,2023-08-09
TXN_6306644,UNKNOWN,DIGITAL WALLET,UNKNOWN,6.00,3.00,2,MISSING ITEM,2023-06-15
TXN_3673322,UNKNOWN,CREDIT CARD,TAKEAWAY,10.00,5.00,2,MISSING ITEM,2023-04-24
TXN_9970653,UNKNOWN,DIGITAL WALLET,TAKEAWAY,20.00,4.00,5,MISSING ITEM,2023-12-30
TXN_4185160,UNKNOWN,CREDIT CARD,IN-STORE,4.00,2.00,2,MISSING ITEM,2023-05-04
TXN_2074343,UNKNOWN,DIGITAL WALLET,IN-STORE,12.00,4.00,3,MISSING ITEM,2023-05-30
TXN_7625340,UNKNOWN,CREDIT CARD,IN-STORE,2.00,1.00,2,MISSING ITEM,2023-01-20
TXN_2158361,UNKNOWN,UNKNOWN,UNKNOWN,6.00,3.00,2,MISSING ITEM,2023-07-27
TXN_9658354,UNKNOWN,CREDIT CARD,IN-STORE,4.50,1.50,3,MISSING ITEM,2023-11-12
TXN_3422774,UNKNOWN,DIGITAL WALLET,IN-STORE,8.00,4.00,2,MISSING ITEM,2023-07-09
TXN_4469550,UNKNOWN,CREDIT CARD,IN-STORE,9.00,3.00,3,MISSING ITEM,2023-05-10
TXN_7840510,UNKNOWN,UNKNOWN,TAKEAWAY,12.00,3.00,4,MISSING ITEM,2023-08-07
TXN_9285925,UNKNOWN,CASH,IN-STORE,15.00,3.00,5,MISSING ITEM,2023-06-20
TXN_7331903,UNKNOWN,UNKNOWN,TAKEAWAY,5.00,5.00,1,MISSING ITEM,2023-05-23
TXN_1316036,UNKNOWN,CASH,TAKEAWAY,6.00,3.00,2,MISSING ITEM,2023-10-27
TXN_1933628,UNKNOWN,CASH,IN-STORE,6.00,3.00,2,MISSING ITEM,2023-08-27
TXN_9658905,UNKNOWN,CASH,TAKEAWAY,7.50,1.50,5,MISSING ITEM,2023-05-16
TXN_5975573,UNKNOWN,UNKNOWN,TAKEAWAY,1.00,1.00,1,MISSING ITEM,2023-01-20
TXN_9554670,UNKNOWN,CREDIT CARD,IN-STORE,12.00,3.00,4,MISSING ITEM,2023-06-20
TXN_5135172,UNKNOWN,DIGITAL WALLET,IN-STORE,20.00,5.00,4,MISSING ITEM,2023-12-10
TXN_8980495,UNKNOWN,CREDIT CARD,TAKEAWAY,NULL,4.00,NULL,MISSING QUANTITY,2023-11-17
TXN_9129298,UNKNOWN,UNKNOWN,UNKNOWN,2.00,2.00,1,MISSING ITEM,2023-12-19
TXN_9710982,UNKNOWN,UNKNOWN,UNKNOWN,NULL,NULL,4,MISSING PRICE,2023-03-03
TXN_9178213,UNKNOWN,DIGITAL WALLET,TAKEAWAY,4.00,2.00,2,MISSING ITEM,2023-02-27
TXN_1387062,UNKNOWN,CREDIT CARD,UNKNOWN,20.00,4.00,5,MISSING ITEM,2023-08-22
TXN_8657361,UNKNOWN,UNKNOWN,TAKEAWAY,8.00,2.00,4,MISSING ITEM,2023-01-24
TXN_9665245,UNKNOWN,UNKNOWN,TAKEAWAY,1.00,1.00,1,MISSING ITEM,2023-10-17
TXN_1082717,UNKNOWN,DIGITAL WALLET,IN-STORE,NULL,NULL,NULL,MISSING PRICE,2023-12-13
TXN_8510450,UNKNOWN,UNKNOWN,UNKNOWN,12.00,3.00,4,MISSING ITEM,2023-01-04
TXN_8128146,UNKNOWN,CASH,IN-STORE,6.00,3.00,2,MISSING ITEM,2023-05-16
TXN_1803599,UNKNOWN,DIGITAL WALLET,TAKEAWAY,4.00,4.00,1,MISSING ITEM,2023-08-30
TXN_9502424,UNKNOWN,CASH,UNKNOWN,12.00,3.00,4,MISSING ITEM,2023-09-06
TXN_8127929,UNKNOWN,CREDIT CARD,TAKEAWAY,5.00,1.00,5,MISSING ITEM,2023-10-08
TXN_4831311,UNKNOWN,CASH,TAKEAWAY,4.00,2.00,2,MISSING ITEM,2023-07-15
TXN_2528186,UNKNOWN,CASH,UNKNOWN,4.00,2.00,2,MISSING ITEM,2023-06-17
TXN_7029719,UNKNOWN,DIGITAL WALLET,UNKNOWN,10.00,5.00,2,MISSING ITEM,2023-06-18
TXN_4276702,UNKNOWN,CREDIT CARD,IN-STORE,1.00,1.00,1,MISSING ITEM,2023-11-17
TXN_8235042,UNKNOWN,CREDIT CARD,UNKNOWN,4.00,4.00,1,MISSING ITEM,NULL
TXN_3440487,UNKNOWN,CASH,UNKNOWN,10.00,2.00,5,MISSING ITEM,2023-10-22
TXN_4466681,UNKNOWN,CASH,TAKEAWAY,NULL,2.00,NULL,MISSING QUANTITY,2023-01-12
TXN_9292025,UNKNOWN,DIGITAL WALLET,IN-STORE,10.00,5.00,2,MISSING ITEM,2023-03-25
TXN_6007721,UNKNOWN,CASH,IN-STORE,16.00,4.00,4,MISSING ITEM,2023-08-21
TXN_5349355,UNKNOWN,DIGITAL WALLET,IN-STORE,10.00,5.00,2,MISSING ITEM,2023-05-10
TXN_3171150,UNKNOWN,DIGITAL WALLET,UNKNOWN,3.00,3.00,1,MISSING ITEM,2023-02-06
TXN_6826342,UNKNOWN,CREDIT CARD,UNKNOWN,6.00,3.00,2,MISSING ITEM,2023-03-30
TXN_9014681,UNKNOWN,UNKNOWN,IN-STORE,NULL,4.00,NULL,MISSING QUANTITY,2023-01-03
TXN_9281939,UNKNOWN,CASH,IN-STORE,4.50,1.50,3,MISSING ITEM,2023-05-22
TXN_1983705,UNKNOWN,CASH,TAKEAWAY,9.00,3.00,3,MISSING ITEM,NULL
TXN_2391245,UNKNOWN,DIGITAL WALLET,IN-STORE,8.00,2.00,4,MISSING ITEM,2023-04-13
TXN_7251108,UNKNOWN,CREDIT CARD,IN-STORE,NULL,3.00,NULL,MISSING QUANTITY,2023-10-04
TXN_2771512,UNKNOWN,DIGITAL WALLET,TAKEAWAY,12.00,3.00,4,MISSING ITEM,2023-12-23
TXN_6109953,UNKNOWN,DIGITAL WALLET,TAKEAWAY,9.00,3.00,3,MISSING ITEM,2023-04-22
TXN_4688280,UNKNOWN,UNKNOWN,UNKNOWN,1.50,1.50,1,MISSING ITEM,2023-02-16
TXN_1524602,UNKNOWN,CASH,TAKEAWAY,6.00,2.00,3,MISSING ITEM,2023-05-11
TXN_3281605,UNKNOWN,UNKNOWN,TAKEAWAY,1.50,1.50,1,MISSING ITEM,2023-07-27
TXN_8712307,UNKNOWN,CASH,IN-STORE,15.00,3.00,5,MISSING ITEM,2023-04-10
TXN_3042552,UNKNOWN,CASH,UNKNOWN,3.00,3.00,1,MISSING ITEM,2023-09-08
TXN_2035283,UNKNOWN,UNKNOWN,UNKNOWN,12.00,4.00,3,MISSING ITEM,2023-01-14
TXN_7465693,UNKNOWN,DIGITAL WALLET,UNKNOWN,NULL,4.00,NULL,MISSING QUANTITY,2023-09-04
TXN_2405666,UNKNOWN,CASH,TAKEAWAY,6.00,3.00,2,MISSING ITEM,2023-04-20
TXN_3009994,UNKNOWN,CREDIT CARD,IN-STORE,5.00,1.00,5,MISSING ITEM,2023-09-13
TXN_8899417,UNKNOWN,DIGITAL WALLET,UNKNOWN,15.00,5.00,3,MISSING ITEM,NULL
TXN_1307428,UNKNOWN,CREDIT CARD,UNKNOWN,6.00,1.50,4,MISSING ITEM,NULL
TXN_9376428,UNKNOWN,CREDIT CARD,TAKEAWAY,5.00,5.00,1,MISSING ITEM,2023-10-30
TXN_3678804,UNKNOWN,DIGITAL WALLET,UNKNOWN,6.00,2.00,3,MISSING ITEM,2023-10-20
TXN_3099819,UNKNOWN,DIGITAL WALLET,TAKEAWAY,8.00,2.00,4,MISSING ITEM,NULL
TXN_4854751,UNKNOWN,CREDIT CARD,UNKNOWN,15.00,5.00,3,MISSING ITEM,NULL
TXN_6691792,UNKNOWN,UNKNOWN,TAKEAWAY,9.00,3.00,3,MISSING ITEM,2023-06-21
TXN_8384699,UNKNOWN,UNKNOWN,IN-STORE,NULL,NULL,3,MISSING PRICE,2023-12-16
TXN_3206842,UNKNOWN,CASH,UNKNOWN,20.00,5.00,4,MISSING ITEM,2023-04-30
TXN_3222612,UNKNOWN,CASH,TAKEAWAY,9.00,3.00,3,MISSING ITEM,2023-01-25
TXN_4943552,UNKNOWN,UNKNOWN,TAKEAWAY,15.00,3.00,5,MISSING ITEM,2023-04-14
TXN_4582054,UNKNOWN,DIGITAL WALLET,TAKEAWAY,10.00,5.00,2,MISSING ITEM,2023-08-27
TXN_3936339,UNKNOWN,DIGITAL WALLET,IN-STORE,15.00,3.00,5,MISSING ITEM,2023-09-08
TXN_7878231,UNKNOWN,CASH,UNKNOWN,NULL,5.00,NULL,MISSING QUANTITY,2023-05-15
TXN_5226399,UNKNOWN,UNKNOWN,TAKEAWAY,12.00,3.00,4,MISSING ITEM,2023-01-19
TXN_9284622,UNKNOWN,CREDIT CARD,UNKNOWN,2.00,2.00,1,MISSING ITEM,2023-05-15
TXN_7514047,UNKNOWN,CASH,UNKNOWN,5.00,5.00,1,MISSING ITEM,2023-03-08
TXN_6273431,UNKNOWN,UNKNOWN,IN-STORE,6.00,3.00,2,MISSING ITEM,2023-04-05
TXN_5108867,UNKNOWN,CASH,TAKEAWAY,NULL,3.00,NULL,MISSING QUANTITY,2023-03-19
TXN_2638644,UNKNOWN,UNKNOWN,UNKNOWN,1.50,1.50,1,MISSING ITEM,2023-03-08
TXN_9389963,UNKNOWN,UNKNOWN,TAKEAWAY,20.00,4.00,5,MISSING ITEM,2023-02-28
TXN_6837879,UNKNOWN,DIGITAL WALLET,UNKNOWN,15.00,3.00,5,MISSING ITEM,2023-04-09
TXN_1444479,UNKNOWN,CREDIT CARD,UNKNOWN,3.00,3.00,1,MISSING ITEM,2023-12-10
TXN_6549359,UNKNOWN,CASH,UNKNOWN,4.50,1.50,3,MISSING ITEM,2023-04-21
TXN_3287282,UNKNOWN,DIGITAL WALLET,TAKEAWAY,3.00,1.50,2,MISSING ITEM,2023-09-23
TXN_7368518,UNKNOWN,UNKNOWN,UNKNOWN,9.00,3.00,3,MISSING ITEM,2023-03-14
TXN_2764819,UNKNOWN,CREDIT CARD,TAKEAWAY,3.00,3.00,1,MISSING ITEM,2023-02-23
TXN_7668576,UNKNOWN,UNKNOWN,UNKNOWN,6.00,3.00,2,MISSING ITEM,2023-11-08
TXN_2393287,UNKNOWN,CASH,UNKNOWN,6.00,3.00,2,MISSING ITEM,2023-04-14
TXN_6853830,UNKNOWN,UNKNOWN,IN-STORE,7.50,1.50,5,MISSING ITEM,2023-07-13
TXN_9395554,UNKNOWN,CASH,TAKEAWAY,8.00,2.00,4,MISSING ITEM,2023-03-31
TXN_8932087,UNKNOWN,DIGITAL WALLET,TAKEAWAY,NULL,3.00,NULL,MISSING QUANTITY,2023-10-30
TXN_6189486,UNKNOWN,UNKNOWN,TAKEAWAY,20.00,4.00,5,MISSING ITEM,2023-03-23
TXN_1037464,UNKNOWN,DIGITAL WALLET,UNKNOWN,20.00,4.00,5,MISSING ITEM,2023-02-14
TXN_3645818,UNKNOWN,DIGITAL WALLET,TAKEAWAY,1.00,1.00,1,MISSING ITEM,2023-03-18
TXN_1998143,UNKNOWN,DIGITAL WALLET,IN-STORE,1.00,1.00,1,MISSING ITEM,2023-12-10
TXN_7595907,UNKNOWN,UNKNOWN,IN-STORE,NULL,NULL,5,MISSING PRICE,2023-04-24
TXN_2150872,UNKNOWN,CASH,TAKEAWAY,NULL,NULL,5,MISSING PRICE,2023-03-18
TXN_8592808,UNKNOWN,CREDIT CARD,UNKNOWN,4.00,4.00,1,MISSING ITEM,2023-04-02
TXN_5875201,UNKNOWN,UNKNOWN,IN-STORE,NULL,4.00,NULL,MISSING QUANTITY,2023-01-31
TXN_6868763,UNKNOWN,DIGITAL WALLET,IN-STORE,9.00,3.00,3,MISSING ITEM,2023-01-13
TXN_3135264,UNKNOWN,DIGITAL WALLET,UNKNOWN,6.00,3.00,2,MISSING ITEM,2023-08-25
TXN_5905580,UNKNOWN,CASH,TAKEAWAY,3.00,1.00,3,MISSING ITEM,2023-02-20
TXN_3522597,UNKNOWN,DIGITAL WALLET,IN-STORE,4.50,1.50,3,MISSING ITEM,2023-02-04
TXN_7068823,UNKNOWN,UNKNOWN,TAKEAWAY,16.00,4.00,4,MISSING ITEM,2023-06-28
TXN_4075053,UNKNOWN,DIGITAL WALLET,TAKEAWAY,12.00,4.00,3,MISSING ITEM,2023-02-27
TXN_7010812,UNKNOWN,DIGITAL WALLET,IN-STORE,10.00,5.00,2,MISSING ITEM,2023-11-13
TXN_7231153,UNKNOWN,CASH,IN-STORE,5.00,5.00,1,MISSING ITEM,2023-06-15
TXN_4038488,UNKNOWN,CREDIT CARD,UNKNOWN,9.00,3.00,3,MISSING ITEM,2023-12-05
TXN_7932830,UNKNOWN,UNKNOWN,TAKEAWAY,6.00,3.00,2,MISSING ITEM,2023-01-08
TXN_8633758,UNKNOWN,CREDIT CARD,TAKEAWAY,5.00,5.00,1,MISSING ITEM,2023-09-24
TXN_2273499,UNKNOWN,CASH,TAKEAWAY,6.00,2.00,3,MISSING ITEM,2023-01-27
TXN_6904247,UNKNOWN,CREDIT CARD,UNKNOWN,12.00,4.00,3,MISSING ITEM,2023-09-19
TXN_6706566,UNKNOWN,CASH,UNKNOWN,3.00,1.00,3,MISSING ITEM,2023-09-01
TXN_4376376,UNKNOWN,DIGITAL WALLET,UNKNOWN,15.00,5.00,3,MISSING ITEM,2023-09-05
TXN_8932070,UNKNOWN,DIGITAL WALLET,IN-STORE,12.00,4.00,3,MISSING ITEM,2023-12-03
TXN_8628615,UNKNOWN,CREDIT CARD,TAKEAWAY,2.00,2.00,1,MISSING ITEM,2023-08-03
TXN_8467229,UNKNOWN,UNKNOWN,TAKEAWAY,4.50,1.50,3,MISSING ITEM,2023-02-02
TXN_7371295,UNKNOWN,UNKNOWN,UNKNOWN,9.00,3.00,3,MISSING ITEM,2023-03-28
TXN_1185003,UNKNOWN,CASH,TAKEAWAY,15.00,3.00,5,MISSING ITEM,2023-01-06
TXN_9555291,UNKNOWN,CREDIT CARD,UNKNOWN,12.00,4.00,3,MISSING ITEM,2023-09-21
TXN_8512204,UNKNOWN,CASH,TAKEAWAY,16.00,4.00,4,MISSING ITEM,2023-06-01
TXN_1122699,UNKNOWN,DIGITAL WALLET,IN-STORE,25.00,5.00,5,MISSING ITEM,2023-10-14
TXN_4932916,UNKNOWN,UNKNOWN,TAKEAWAY,2.00,2.00,1,MISSING ITEM,2023-12-13
TXN_6397921,UNKNOWN,UNKNOWN,IN-STORE,4.00,4.00,1,MISSING ITEM,2023-12-01
TXN_2444134,UNKNOWN,CREDIT CARD,IN-STORE,8.00,4.00,2,MISSING ITEM,2023-01-16
TXN_2376870,UNKNOWN,DIGITAL WALLET,UNKNOWN,20.00,4.00,5,MISSING ITEM,NULL
TXN_2025634,UNKNOWN,UNKNOWN,UNKNOWN,4.00,4.00,1,MISSING ITEM,NULL
TXN_3053494,UNKNOWN,DIGITAL WALLET,IN-STORE,15.00,3.00,5,MISSING ITEM,2023-06-11
TXN_9653700,UNKNOWN,CREDIT CARD,UNKNOWN,3.00,3.00,1,MISSING ITEM,2023-03-12
TXN_8365530,UNKNOWN,UNKNOWN,TAKEAWAY,NULL,NULL,4,MISSING PRICE,2023-03-10
TXN_6265785,UNKNOWN,CREDIT CARD,TAKEAWAY,25.00,5.00,5,MISSING ITEM,2023-08-26
TXN_1277989,UNKNOWN,UNKNOWN,IN-STORE,7.50,1.50,5,MISSING ITEM,2023-08-09
TXN_8249996,UNKNOWN,DIGITAL WALLET,UNKNOWN,NULL,1.00,NULL,MISSING QUANTITY,2023-09-19
TXN_3600632,UNKNOWN,CASH,TAKEAWAY,8.00,2.00,4,MISSING ITEM,2023-12-09
TXN_4049270,UNKNOWN,DIGITAL WALLET,IN-STORE,10.00,2.00,5,MISSING ITEM,2023-07-28
TXN_6761402,UNKNOWN,UNKNOWN,TAKEAWAY,2.00,2.00,1,MISSING ITEM,2023-08-31
TXN_1012349,UNKNOWN,CASH,IN-STORE,12.00,3.00,4,MISSING ITEM,2023-07-08
TXN_6467796,UNKNOWN,CREDIT CARD,TAKEAWAY,10.00,2.00,5,MISSING ITEM,2023-10-25
TXN_8701045,UNKNOWN,CASH,IN-STORE,6.00,3.00,2,MISSING ITEM,2023-06-07
TXN_9656325,UNKNOWN,CREDIT CARD,TAKEAWAY,4.00,2.00,2,MISSING ITEM,2023-03-31
TXN_4633505,UNKNOWN,DIGITAL WALLET,TAKEAWAY,4.50,1.50,3,MISSING ITEM,2023-08-25
TXN_1059293,UNKNOWN,UNKNOWN,UNKNOWN,20.00,4.00,5,MISSING ITEM,2023-12-04
TXN_4935533,UNKNOWN,UNKNOWN,IN-STORE,4.00,4.00,1,MISSING ITEM,2023-06-12
TXN_8325221,UNKNOWN,CREDIT CARD,UNKNOWN,4.00,2.00,2,MISSING ITEM,2023-11-17
TXN_3803063,UNKNOWN,CREDIT CARD,TAKEAWAY,NULL,NULL,4,MISSING PRICE,2023-11-23
TXN_7258784,UNKNOWN,CASH,IN-STORE,8.00,2.00,4,MISSING ITEM,2023-09-21
TXN_8159649,UNKNOWN,UNKNOWN,IN-STORE,8.00,2.00,4,MISSING ITEM,2023-06-15
TXN_5693294,UNKNOWN,CREDIT CARD,UNKNOWN,9.00,3.00,3,MISSING ITEM,2023-12-30
TXN_8039752,UNKNOWN,UNKNOWN,TAKEAWAY,4.00,2.00,2,MISSING ITEM,2023-11-28
TXN_2096487,UNKNOWN,DIGITAL WALLET,TAKEAWAY,20.00,4.00,5,MISSING ITEM,2023-08-09
TXN_3749051,UNKNOWN,UNKNOWN,TAKEAWAY,NULL,4.00,NULL,MISSING QUANTITY,2023-04-19
TXN_6755348,UNKNOWN,UNKNOWN,UNKNOWN,20.00,4.00,5,MISSING ITEM,2023-06-23
TXN_8476828,UNKNOWN,UNKNOWN,TAKEAWAY,4.50,1.50,3,MISSING ITEM,2023-10-25
TXN_2010060,UNKNOWN,CASH,UNKNOWN,3.00,3.00,1,MISSING ITEM,2023-11-09
TXN_5611262,UNKNOWN,DIGITAL WALLET,IN-STORE,10.00,5.00,2,MISSING ITEM,2023-05-22
TXN_2430215,UNKNOWN,DIGITAL WALLET,UNKNOWN,2.00,1.00,2,MISSING ITEM,2023-04-10
TXN_3502394,UNKNOWN,CREDIT CARD,IN-STORE,6.00,2.00,3,MISSING ITEM,2023-09-02
TXN_1902009,UNKNOWN,CREDIT CARD,UNKNOWN,6.00,3.00,2,MISSING ITEM,2023-04-12
TXN_8263172,UNKNOWN,UNKNOWN,TAKEAWAY,6.00,3.00,2,MISSING ITEM,2023-12-30
TXN_5506097,UNKNOWN,CASH,TAKEAWAY,20.00,4.00,5,MISSING ITEM,2023-05-04
TXN_1521861,UNKNOWN,CASH,IN-STORE,15.00,3.00,5,MISSING ITEM,2023-04-02
TXN_6508674,UNKNOWN,UNKNOWN,TAKEAWAY,6.00,3.00,2,MISSING ITEM,2023-02-09
TXN_1766527,UNKNOWN,DIGITAL WALLET,UNKNOWN,20.00,5.00,4,MISSING ITEM,2023-02-07
TXN_2958213,UNKNOWN,UNKNOWN,UNKNOWN,5.00,1.00,5,MISSING ITEM,2023-08-15
TXN_7172693,UNKNOWN,CREDIT CARD,IN-STORE,25.00,5.00,5,MISSING ITEM,2023-03-23
TXN_5935353,UNKNOWN,CREDIT CARD,UNKNOWN,NULL,NULL,2,MISSING PRICE,2023-05-01
TXN_7519611,UNKNOWN,CREDIT CARD,IN-STORE,6.00,1.50,4,MISSING ITEM,2023-10-08
TXN_1318943,UNKNOWN,CASH,IN-STORE,4.00,2.00,2,MISSING ITEM,2023-06-13
TXN_4502922,UNKNOWN,CREDIT CARD,TAKEAWAY,4.00,4.00,1,MISSING ITEM,2023-06-23
TXN_1892102,UNKNOWN,CASH,UNKNOWN,12.00,4.00,3,MISSING ITEM,2023-03-23
TXN_6901162,UNKNOWN,DIGITAL WALLET,IN-STORE,12.00,4.00,3,MISSING ITEM,NULL
TXN_3689579,UNKNOWN,DIGITAL WALLET,TAKEAWAY,8.00,4.00,2,MISSING ITEM,2023-12-02
TXN_7340284,UNKNOWN,UNKNOWN,TAKEAWAY,5.00,1.00,5,MISSING ITEM,2023-09-05
TXN_8918253,UNKNOWN,DIGITAL WALLET,UNKNOWN,NULL,NULL,3,MISSING PRICE,2023-09-07
TXN_5985513,UNKNOWN,CREDIT CARD,UNKNOWN,NULL,4.00,NULL,MISSING QUANTITY,2023-08-02
TXN_4329558,UNKNOWN,UNKNOWN,UNKNOWN,8.00,2.00,4,MISSING ITEM,2023-04-22
TXN_9506595,UNKNOWN,CASH,IN-STORE,4.50,1.50,3,MISSING ITEM,2023-07-10
TXN_2332609,UNKNOWN,CREDIT CARD,IN-STORE,20.00,4.00,5,MISSING ITEM,2023-05-17
TXN_7435096,UNKNOWN,UNKNOWN,IN-STORE,6.00,1.50,4,MISSING ITEM,2023-10-21
TXN_1166001,UNKNOWN,CASH,UNKNOWN,NULL,3.00,NULL,MISSING QUANTITY,NULL
TXN_2849095,UNKNOWN,DIGITAL WALLET,IN-STORE,6.00,2.00,3,MISSING ITEM,2023-07-13
TXN_6810969,UNKNOWN,UNKNOWN,IN-STORE,4.00,4.00,1,MISSING ITEM,2023-03-08
TXN_4511996,UNKNOWN,DIGITAL WALLET,UNKNOWN,9.00,3.00,3,MISSING ITEM,2023-09-18
TXN_9881555,UNKNOWN,CASH,IN-STORE,15.00,3.00,5,MISSING ITEM,2023-04-09
TXN_8039560,UNKNOWN,DIGITAL WALLET,UNKNOWN,10.00,2.00,5,MISSING ITEM,2023-03-29
TXN_1565027,UNKNOWN,UNKNOWN,UNKNOWN,4.50,1.50,3,MISSING ITEM,2023-03-16
TXN_4631228,UNKNOWN,DIGITAL WALLET,UNKNOWN,3.00,3.00,1,MISSING ITEM,2023-10-07
TXN_2084232,UNKNOWN,DIGITAL WALLET,TAKEAWAY,6.00,1.50,4,MISSING ITEM,2023-10-11
TXN_3821298,UNKNOWN,CREDIT CARD,UNKNOWN,20.00,4.00,5,MISSING ITEM,2023-04-26
TXN_4255580,UNKNOWN,CASH,UNKNOWN,NULL,NULL,1,MISSING PRICE,NULL
TXN_5369010,UNKNOWN,CASH,TAKEAWAY,20.00,5.00,4,MISSING ITEM,2023-04-23
TXN_9697670,UNKNOWN,CASH,TAKEAWAY,9.00,3.00,3,MISSING ITEM,2023-12-29
TXN_2065683,UNKNOWN,UNKNOWN,UNKNOWN,NULL,NULL,3,MISSING PRICE,2023-09-21
TXN_8434651,UNKNOWN,DIGITAL WALLET,UNKNOWN,12.00,3.00,4,MISSING ITEM,2023-01-27
TXN_1637131,UNKNOWN,CASH,UNKNOWN,NULL,NULL,4,MISSING PRICE,NULL
TXN_9252700,UNKNOWN,CREDIT CARD,UNKNOWN,9.00,3.00,3,MISSING ITEM,2023-08-24
TXN_1124900,UNKNOWN,CREDIT CARD,IN-STORE,16.00,4.00,4,MISSING ITEM,2023-09-08
TXN_7004303,UNKNOWN,CASH,IN-STORE,12.00,4.00,3,MISSING ITEM,2023-10-06
TXN_3219599,UNKNOWN,UNKNOWN,UNKNOWN,6.00,3.00,2,MISSING ITEM,2023-08-22
TXN_6616787,UNKNOWN,UNKNOWN,IN-STORE,6.00,3.00,2,MISSING ITEM,2023-09-29
TXN_9810581,UNKNOWN,CASH,UNKNOWN,3.00,3.00,1,MISSING ITEM,2023-11-20
TXN_2588566,UNKNOWN,UNKNOWN,TAKEAWAY,15.00,5.00,3,MISSING ITEM,2023-01-10
TXN_9163155,UNKNOWN,CREDIT CARD,TAKEAWAY,8.00,2.00,4,MISSING ITEM,2023-04-23
TXN_3641519,UNKNOWN,DIGITAL WALLET,IN-STORE,5.00,1.00,5,MISSING ITEM,2023-06-08
TXN_2644561,UNKNOWN,DIGITAL WALLET,UNKNOWN,16.00,4.00,4,MISSING ITEM,2023-09-13
TXN_4275827,UNKNOWN,CASH,TAKEAWAY,3.00,1.50,2,MISSING ITEM,2023-04-21
TXN_9647494,UNKNOWN,CREDIT CARD,UNKNOWN,8.00,4.00,2,MISSING ITEM,2023-10-21
TXN_4243930,UNKNOWN,CASH,IN-STORE,20.00,4.00,5,MISSING ITEM,2023-06-07
TXN_9950775,UNKNOWN,CREDIT CARD,TAKEAWAY,20.00,5.00,4,MISSING ITEM,2023-02-20
TXN_8609510,UNKNOWN,UNKNOWN,TAKEAWAY,15.00,3.00,5,MISSING ITEM,2023-05-08
TXN_7915173,UNKNOWN,CASH,TAKEAWAY,3.00,1.00,3,MISSING ITEM,NULL
TXN_4569448,UNKNOWN,UNKNOWN,UNKNOWN,3.00,3.00,1,MISSING ITEM,NULL
TXN_5680657,UNKNOWN,CASH,IN-STORE,15.00,3.00,5,MISSING ITEM,2023-05-16
TXN_3101697,UNKNOWN,CASH,IN-STORE,15.00,5.00,3,MISSING ITEM,2023-05-29
TXN_1661682,UNKNOWN,DIGITAL WALLET,UNKNOWN,20.00,4.00,5,MISSING ITEM,2023-07-13
TXN_3769567,UNKNOWN,DIGITAL WALLET,IN-STORE,1.00,1.00,1,MISSING ITEM,2023-02-10
TXN_6474636,UNKNOWN,UNKNOWN,IN-STORE,4.50,1.50,3,MISSING ITEM,2023-10-25
TXN_8860270,UNKNOWN,CASH,TAKEAWAY,4.00,4.00,1,MISSING ITEM,2023-11-06
TXN_4696403,UNKNOWN,CASH,UNKNOWN,3.00,1.00,3,MISSING ITEM,2023-08-19
TXN_2480808,UNKNOWN,CREDIT CARD,UNKNOWN,NULL,NULL,1,MISSING PRICE,2023-03-30
TXN_4350798,UNKNOWN,CREDIT CARD,IN-STORE,5.00,5.00,1,MISSING ITEM,2023-11-23
TXN_2206884,UNKNOWN,CREDIT CARD,UNKNOWN,25.00,5.00,5,MISSING ITEM,2023-06-22
TXN_9607633,UNKNOWN,DIGITAL WALLET,UNKNOWN,2.00,1.00,2,MISSING ITEM,2023-08-25
TXN_3334632,UNKNOWN,CREDIT CARD,TAKEAWAY,NULL,NULL,1,MISSING PRICE,2023-11-20
TXN_3562418,UNKNOWN,DIGITAL WALLET,UNKNOWN,8.00,4.00,2,MISSING ITEM,2023-08-13
TXN_3679582,UNKNOWN,CREDIT CARD,IN-STORE,10.00,2.00,5,MISSING ITEM,2023-04-11
TXN_8435360,UNKNOWN,CREDIT CARD,IN-STORE,4.50,1.50,3,MISSING ITEM,2023-07-03
TXN_5908078,UNKNOWN,UNKNOWN,IN-STORE,2.00,2.00,1,MISSING ITEM,2023-03-23
TXN_2322162,UNKNOWN,DIGITAL WALLET,UNKNOWN,15.00,3.00,5,MISSING ITEM,2023-11-12
TXN_7652830,UNKNOWN,UNKNOWN,UNKNOWN,6.00,3.00,2,MISSING ITEM,2023-08-15
TXN_1688292,UNKNOWN,CREDIT CARD,IN-STORE,NULL,NULL,3,MISSING PRICE,NULL
TXN_1237674,UNKNOWN,CREDIT CARD,UNKNOWN,4.50,1.50,3,MISSING ITEM,2023-10-04
TXN_9582818,UNKNOWN,CASH,IN-STORE,4.00,4.00,1,MISSING ITEM,2023-10-27
TXN_4385826,UNKNOWN,CREDIT CARD,TAKEAWAY,3.00,1.50,2,MISSING ITEM,2023-08-02
TXN_3895871,UNKNOWN,UNKNOWN,IN-STORE,1.00,1.00,1,MISSING ITEM,2023-05-30
TXN_4600894,UNKNOWN,DIGITAL WALLET,UNKNOWN,25.00,5.00,5,MISSING ITEM,2023-09-17
TXN_1208561,UNKNOWN,CREDIT CARD,UNKNOWN,NULL,NULL,NULL,MISSING PRICE,2023-08-19
TXN_8751702,UNKNOWN,CASH,UNKNOWN,NULL,NULL,5,MISSING PRICE,2023-02-13
TXN_9162296,UNKNOWN,CASH,IN-STORE,12.00,4.00,3,MISSING ITEM,2023-05-10
TXN_3740505,UNKNOWN,UNKNOWN,UNKNOWN,3.00,1.50,2,MISSING ITEM,2023-11-21
TXN_4071743,UNKNOWN,UNKNOWN,TAKEAWAY,10.00,2.00,5,MISSING ITEM,2023-07-06
TXN_3105633,UNKNOWN,UNKNOWN,IN-STORE,2.00,2.00,1,MISSING ITEM,2023-03-30
TXN_4659954,UNKNOWN,CREDIT CARD,IN-STORE,12.00,4.00,3,MISSING ITEM,NULL
TXN_2338617,UNKNOWN,DIGITAL WALLET,UNKNOWN,6.00,3.00,2,MISSING ITEM,2023-01-12
TXN_2292088,UNKNOWN,DIGITAL WALLET,TAKEAWAY,4.00,4.00,1,MISSING ITEM,2023-03-04
TXN_8807600,UNKNOWN,CASH,TAKEAWAY,4.00,4.00,1,MISSING ITEM,2023-09-24
TXN_4122925,UNKNOWN,UNKNOWN,TAKEAWAY,4.00,1.00,4,MISSING ITEM,2023-10-20
TXN_4125474,UNKNOWN,CREDIT CARD,IN-STORE,10.00,5.00,2,MISSING ITEM,2023-08-02
TXN_4583012,UNKNOWN,DIGITAL WALLET,UNKNOWN,20.00,4.00,5,MISSING ITEM,2023-02-27
TXN_7851634,UNKNOWN,UNKNOWN,UNKNOWN,16.00,4.00,4,MISSING ITEM,2023-01-08
TXN_9659401,UNKNOWN,DIGITAL WALLET,UNKNOWN,NULL,NULL,3,MISSING PRICE,2023-06-02
